case_id,complaint_id,predicted_location,actual_location,prediction_timestamp,intervention_status,intervention_time,outcome,recovered_amount,false_positive,model_version
DR-2026-1002,CMP-HYD-00002,ATM-HYD-0028,ATM-HYD-0028,2026-01-13 21:19:00,INTERCEPTED,2026-01-13 22:06:00,SUSPECT_APPREHENDED_AND_FUNDS_FROZEN,183536.22,0,v2.2-xgboost-conformal
DR-2026-1003,CMP-HYD-00003,ATM-HYD-0495,ATM-HYD-0495,2026-08-01 07:08:00,INTERCEPTED,2026-08-01 08:00:00,SUSPECT_APPREHENDED_AND_FUNDS_FROZEN,14445.8,0,v2.2-xgboost-conformal
DR-2026-1004,CMP-HYD-00004,ATM-HYD-0266,ATM-HYD-0504,2026-08-20 10:07:00,DISPATCHED_MISSED,2026-08-20 10:22:00,DIFFERENT_ATM_USED,0.0,1,v2.2-xgboost-conformal
DR-2026-1005,CMP-HYD-00005,ATM-HYD-0389,ATM-HYD-0211,2026-04-25 04:02:00,DISPATCHED_MISSED,2026-04-25 04:53:00,DIFFERENT_ATM_USED,0.0,1,v2.2-xgboost-conformal
DR-2026-1006,CMP-HYD-00006,ATM-HYD-0508,ATM-HYD-0269,2026-06-11 17:50:00,DISPATCHED_MISSED,2026-06-11 18:39:00,DIFFERENT_ATM_USED,0.0,1,v2.2-xgboost-conformal
DR-2026-1007,CMP-HYD-00007,ATM-HYD-0519,ATM-HYD-0519,2026-01-08 08:03:00,INTERCEPTED,2026-01-08 08:57:00,CASH_WITHDRAWAL_PREVENTED,46790.23,0,v2.2-xgboost-conformal
DR-2026-1008,CMP-HYD-00008,ATM-HYD-0084,ATM-HYD-0178,2026-08-28 05:11:00,DISPATCHED_MISSED,2026-08-28 05:51:00,OFFICER_ARRIVED_POST_CASHOUT,0.0,1,v2.2-xgboost-conformal
DR-2026-1009,CMP-HYD-00009,ATM-HYD-0218,ATM-HYD-0218,2026-03-21 05:31:00,INTERCEPTED,2026-03-21 06:03:00,CASH_WITHDRAWAL_PREVENTED,195154.38,0,v2.2-xgboost-conformal
DR-2026-1010,CMP-HYD-00010,ATM-HYD-0287,ATM-HYD-0287,2026-01-06 04:37:00,INTERCEPTED,2026-01-06 04:54:00,SUSPECT_APPREHENDED_AND_FUNDS_FROZEN,13878.28,0,v2.2-xgboost-conformal
DR-2026-1011,CMP-HYD-00011,ATM-HYD-0178,ATM-HYD-0329,2026-07-22 20:31:00,DISPATCHED_MISSED,2026-07-22 20:54:00,OFFICER_ARRIVED_POST_CASHOUT,0.0,1,v2.2-xgboost-conformal
DR-2026-1012,CMP-HYD-00012,ATM-HYD-0042,ATM-HYD-0042,2026-07-06 00:44:00,INTERCEPTED,2026-07-06 01:36:00,SUSPECT_APPREHENDED_AND_FUNDS_FROZEN,37664.43,0,v2.2-xgboost-conformal
DR-2026-1013,CMP-HYD-00013,ATM-HYD-0201,ATM-HYD-0201,2026-03-02 11:20:00,INTERCEPTED,2026-03-02 11:55:00,SUSPECT_APPREHENDED_AND_FUNDS_FROZEN,24087.51,0,v2.2-xgboost-conformal
DR-2026-1014,CMP-HYD-00014,ATM-HYD-0377,ATM-HYD-0377,2026-07-04 00:03:00,INTERCEPTED,2026-07-04 00:33:00,SUSPECT_APPREHENDED_AND_FUNDS_FROZEN,21276.57,0,v2.2-xgboost-conformal
DR-2026-1015,CMP-HYD-00015,ATM-HYD-0181,ATM-HYD-0181,2026-04-26 02:51:00,INTERCEPTED,2026-04-26 03:17:00,CASH_WITHDRAWAL_PREVENTED,39650.54,0,v2.2-xgboost-conformal
DR-2026-1016,CMP-HYD-00016,ATM-HYD-0114,ATM-HYD-0114,2026-04-21 20:10:00,INTERCEPTED,2026-04-21 20:43:00,CASH_WITHDRAWAL_PREVENTED,12844.12,0,v2.2-xgboost-conformal
DR-2026-1017,CMP-HYD-00017,ATM-HYD-0386,ATM-HYD-0199,2026-08-04 15:09:00,DISPATCHED_MISSED,2026-08-04 15:29:00,OFFICER_ARRIVED_POST_CASHOUT,0.0,1,v2.2-xgboost-conformal
DR-2026-1018,CMP-HYD-00018,ATM-HYD-0087,ATM-HYD-0020,2026-03-20 12:30:00,DISPATCHED_MISSED,2026-03-20 13:16:00,DIFFERENT_ATM_USED,0.0,1,v2.2-xgboost-conformal
DR-2026-1019,CMP-HYD-00019,ATM-HYD-0291,ATM-HYD-0291,2026-05-25 01:09:00,INTERCEPTED,2026-05-25 01:55:00,SUSPECT_APPREHENDED_AND_FUNDS_FROZEN,80075.44,0,v2.2-xgboost-conformal
DR-2026-1020,CMP-HYD-00020,ATM-HYD-0510,ATM-HYD-0510,2026-05-27 07:30:00,INTERCEPTED,2026-05-27 08:06:00,SUSPECT_APPREHENDED_AND_FUNDS_FROZEN,129568.26,0,v2.2-xgboost-conformal
DR-2026-1021,CMP-HYD-00021,ATM-HYD-0354,ATM-HYD-0262,2026-07-26 06:08:00,DISPATCHED_MISSED,2026-07-26 06:27:00,OFFICER_ARRIVED_POST_CASHOUT,0.0,1,v2.2-xgboost-conformal
DR-2026-1022,CMP-HYD-00022,ATM-HYD-0343,ATM-HYD-0079,2026-08-08 08:33:00,DISPATCHED_MISSED,2026-08-08 08:49:00,DIFFERENT_ATM_USED,0.0,1,v2.2-xgboost-conformal
DR-2026-1023,CMP-HYD-00023,ATM-HYD-0143,ATM-HYD-0143,2026-05-25 03:50:00,INTERCEPTED,2026-05-25 04:21:00,SUSPECT_APPREHENDED_AND_FUNDS_FROZEN,21947.62,0,v2.2-xgboost-conformal
DR-2026-1024,CMP-HYD-00024,ATM-HYD-0100,ATM-HYD-0011,2026-01-10 12:56:00,DISPATCHED_MISSED,2026-01-10 13:17:00,OFFICER_ARRIVED_POST_CASHOUT,0.0,1,v2.2-xgboost-conformal
DR-2026-1025,CMP-HYD-00025,ATM-HYD-0503,ATM-HYD-0435,2026-02-04 09:47:00,DISPATCHED_MISSED,2026-02-04 10:20:00,OFFICER_ARRIVED_POST_CASHOUT,0.0,1,v2.2-xgboost-conformal
DR-2026-1026,CMP-HYD-00026,ATM-HYD-0075,ATM-HYD-0075,2026-01-17 09:45:00,INTERCEPTED,2026-01-17 10:22:00,CASH_WITHDRAWAL_PREVENTED,36280.97,0,v2.2-xgboost-conformal
DR-2026-1027,CMP-HYD-00027,ATM-HYD-0006,ATM-HYD-0006,2026-03-12 11:52:00,INTERCEPTED,2026-03-12 12:33:00,SUSPECT_APPREHENDED_AND_FUNDS_FROZEN,44858.22,0,v2.2-xgboost-conformal
DR-2026-1028,CMP-HYD-00028,ATM-HYD-0345,ATM-HYD-0345,2026-03-14 00:24:00,INTERCEPTED,2026-03-14 01:16:00,SUSPECT_APPREHENDED_AND_FUNDS_FROZEN,23358.82,0,v2.2-xgboost-conformal
DR-2026-1029,CMP-HYD-00029,ATM-HYD-0287,ATM-HYD-0182,2026-08-22 04:41:00,DISPATCHED_MISSED,2026-08-22 05:27:00,DIFFERENT_ATM_USED,0.0,1,v2.2-xgboost-conformal
DR-2026-1030,CMP-HYD-00030,ATM-HYD-0360,ATM-HYD-0391,2026-03-19 21:33:00,DISPATCHED_MISSED,2026-03-19 21:53:00,OFFICER_ARRIVED_POST_CASHOUT,0.0,1,v2.2-xgboost-conformal
DR-2026-1031,CMP-HYD-00031,ATM-HYD-0178,ATM-HYD-0400,2026-06-13 10:55:00,DISPATCHED_MISSED,2026-06-13 11:46:00,DIFFERENT_ATM_USED,0.0,1,v2.2-xgboost-conformal
DR-2026-1032,CMP-HYD-00032,ATM-HYD-0335,ATM-HYD-0424,2026-03-08 13:25:00,DISPATCHED_MISSED,2026-03-08 13:54:00,DIFFERENT_ATM_USED,0.0,1,v2.2-xgboost-conformal
DR-2026-1033,CMP-HYD-00033,ATM-HYD-0325,ATM-HYD-0090,2026-03-17 03:30:00,DISPATCHED_MISSED,2026-03-17 04:05:00,OFFICER_ARRIVED_POST_CASHOUT,0.0,1,v2.2-xgboost-conformal
DR-2026-1034,CMP-HYD-00034,ATM-HYD-0325,ATM-HYD-0325,2026-04-06 08:37:00,INTERCEPTED,2026-04-06 09:04:00,SUSPECT_APPREHENDED_AND_FUNDS_FROZEN,83072.94,0,v2.2-xgboost-conformal
DR-2026-1035,CMP-HYD-00035,ATM-HYD-0316,ATM-HYD-0316,2026-04-16 01:55:00,INTERCEPTED,2026-04-16 02:14:00,CASH_WITHDRAWAL_PREVENTED,73774.67,0,v2.2-xgboost-conformal
DR-2026-1036,CMP-HYD-00036,ATM-HYD-0290,ATM-HYD-0290,2026-06-12 01:00:00,INTERCEPTED,2026-06-12 01:41:00,CASH_WITHDRAWAL_PREVENTED,93649.63,0,v2.2-xgboost-conformal
DR-2026-1037,CMP-HYD-00037,ATM-HYD-0322,ATM-HYD-0322,2026-04-09 00:02:00,INTERCEPTED,2026-04-09 00:36:00,SUSPECT_APPREHENDED_AND_FUNDS_FROZEN,149347.37,0,v2.2-xgboost-conformal
DR-2026-1038,CMP-HYD-00038,ATM-HYD-0091,ATM-HYD-0091,2026-04-09 16:37:00,INTERCEPTED,2026-04-09 17:07:00,SUSPECT_APPREHENDED_AND_FUNDS_FROZEN,22902.14,0,v2.2-xgboost-conformal
DR-2026-1039,CMP-HYD-00039,ATM-HYD-0009,ATM-HYD-0009,2026-02-12 12:01:00,INTERCEPTED,2026-02-12 12:40:00,CASH_WITHDRAWAL_PREVENTED,45717.14,0,v2.2-xgboost-conformal
DR-2026-1040,CMP-HYD-00040,ATM-HYD-0206,ATM-HYD-0206,2026-06-19 03:41:00,INTERCEPTED,2026-06-19 04:14:00,SUSPECT_APPREHENDED_AND_FUNDS_FROZEN,12944.3,0,v2.2-xgboost-conformal
DR-2026-1041,CMP-HYD-00041,ATM-HYD-0490,ATM-HYD-0490,2026-06-09 19:44:00,INTERCEPTED,2026-06-09 20:04:00,CASH_WITHDRAWAL_PREVENTED,79496.11,0,v2.2-xgboost-conformal
DR-2026-1042,CMP-HYD-00042,ATM-HYD-0105,ATM-HYD-0105,2026-04-02 22:26:00,INTERCEPTED,2026-04-02 23:16:00,SUSPECT_APPREHENDED_AND_FUNDS_FROZEN,43672.83,0,v2.2-xgboost-conformal
DR-2026-1043,CMP-HYD-00043,ATM-HYD-0308,ATM-HYD-0308,2026-07-19 16:04:00,INTERCEPTED,2026-07-19 16:24:00,SUSPECT_APPREHENDED_AND_FUNDS_FROZEN,22616.81,0,v2.2-xgboost-conformal
DR-2026-1044,CMP-HYD-00044,ATM-HYD-0519,ATM-HYD-0519,2026-04-20 23:07:00,INTERCEPTED,2026-04-20 23:45:00,SUSPECT_APPREHENDED_AND_FUNDS_FROZEN,86197.14,0,v2.2-xgboost-conformal
DR-2026-1045,CMP-HYD-00045,ATM-HYD-0309,ATM-HYD-0309,2026-04-13 14:17:00,INTERCEPTED,2026-04-13 14:45:00,SUSPECT_APPREHENDED_AND_FUNDS_FROZEN,115521.26,0,v2.2-xgboost-conformal
DR-2026-1046,CMP-HYD-00046,ATM-HYD-0342,ATM-HYD-0137,2026-02-16 19:24:00,DISPATCHED_MISSED,2026-02-16 20:17:00,OFFICER_ARRIVED_POST_CASHOUT,0.0,1,v2.2-xgboost-conformal
DR-2026-1047,CMP-HYD-00047,ATM-HYD-0430,ATM-HYD-0430,2026-06-30 21:33:00,INTERCEPTED,2026-06-30 22:01:00,SUSPECT_APPREHENDED_AND_FUNDS_FROZEN,14074.33,0,v2.2-xgboost-conformal
DR-2026-1048,CMP-HYD-00048,ATM-HYD-0217,ATM-HYD-0217,2026-02-08 17:57:00,INTERCEPTED,2026-02-08 18:51:00,CASH_WITHDRAWAL_PREVENTED,112919.92,0,v2.2-xgboost-conformal
DR-2026-1049,CMP-HYD-00049,ATM-HYD-0442,ATM-HYD-0442,2026-02-27 17:41:00,INTERCEPTED,2026-02-27 18:13:00,CASH_WITHDRAWAL_PREVENTED,197626.69,0,v2.2-xgboost-conformal
DR-2026-1050,CMP-HYD-00050,ATM-HYD-0246,ATM-HYD-0246,2026-04-14 13:02:00,INTERCEPTED,2026-04-14 13:21:00,SUSPECT_APPREHENDED_AND_FUNDS_FROZEN,24601.38,0,v2.2-xgboost-conformal
DR-2026-1051,CMP-HYD-00051,ATM-HYD-0097,ATM-HYD-0184,2026-08-05 14:21:00,DISPATCHED_MISSED,2026-08-05 15:10:00,DIFFERENT_ATM_USED,0.0,1,v2.2-xgboost-conformal
DR-2026-1052,CMP-HYD-00052,ATM-HYD-0349,ATM-HYD-0349,2026-05-14 11:44:00,INTERCEPTED,2026-05-14 12:35:00,SUSPECT_APPREHENDED_AND_FUNDS_FROZEN,196988.76,0,v2.2-xgboost-conformal
DR-2026-1053,CMP-HYD-00053,ATM-HYD-0342,ATM-HYD-0342,2026-07-31 06:45:00,INTERCEPTED,2026-07-31 07:12:00,SUSPECT_APPREHENDED_AND_FUNDS_FROZEN,147342.94,0,v2.2-xgboost-conformal
DR-2026-1054,CMP-HYD-00054,ATM-HYD-0449,ATM-HYD-0449,2026-05-16 23:03:00,INTERCEPTED,2026-05-16 23:27:00,SUSPECT_APPREHENDED_AND_FUNDS_FROZEN,14452.81,0,v2.2-xgboost-conformal
DR-2026-1055,CMP-HYD-00055,ATM-HYD-0174,ATM-HYD-0174,2026-05-10 12:26:00,INTERCEPTED,2026-05-10 12:43:00,CASH_WITHDRAWAL_PREVENTED,87147.32,0,v2.2-xgboost-conformal
DR-2026-1056,CMP-HYD-00056,ATM-HYD-0040,ATM-HYD-0165,2026-08-04 22:35:00,DISPATCHED_MISSED,2026-08-04 23:08:00,DIFFERENT_ATM_USED,0.0,1,v2.2-xgboost-conformal
DR-2026-1057,CMP-HYD-00057,ATM-HYD-0036,ATM-HYD-0036,2026-07-14 11:35:00,INTERCEPTED,2026-07-14 11:57:00,CASH_WITHDRAWAL_PREVENTED,24299.07,0,v2.2-xgboost-conformal
DR-2026-1058,CMP-HYD-00058,ATM-HYD-0130,ATM-HYD-0130,2026-02-21 08:48:00,INTERCEPTED,2026-02-21 09:32:00,SUSPECT_APPREHENDED_AND_FUNDS_FROZEN,14831.79,0,v2.2-xgboost-conformal
DR-2026-1059,CMP-HYD-00059,ATM-HYD-0454,ATM-HYD-0454,2026-07-10 20:35:00,INTERCEPTED,2026-07-10 21:10:00,CASH_WITHDRAWAL_PREVENTED,43405.91,0,v2.2-xgboost-conformal
DR-2026-1060,CMP-HYD-00060,ATM-HYD-0429,ATM-HYD-0429,2026-06-08 14:53:00,INTERCEPTED,2026-06-08 15:21:00,SUSPECT_APPREHENDED_AND_FUNDS_FROZEN,42946.83,0,v2.2-xgboost-conformal
DR-2026-1061,CMP-HYD-00061,ATM-HYD-0512,ATM-HYD-0512,2026-07-08 16:07:00,INTERCEPTED,2026-07-08 16:35:00,SUSPECT_APPREHENDED_AND_FUNDS_FROZEN,38022.55,0,v2.2-xgboost-conformal
DR-2026-1062,CMP-HYD-00062,ATM-HYD-0207,ATM-HYD-0076,2026-05-06 18:35:00,DISPATCHED_MISSED,2026-05-06 19:28:00,DIFFERENT_ATM_USED,0.0,1,v2.2-xgboost-conformal
DR-2026-1063,CMP-HYD-00063,ATM-HYD-0133,ATM-HYD-0133,2026-06-19 10:21:00,INTERCEPTED,2026-06-19 11:15:00,SUSPECT_APPREHENDED_AND_FUNDS_FROZEN,43580.88,0,v2.2-xgboost-conformal
DR-2026-1064,CMP-HYD-00064,ATM-HYD-0268,ATM-HYD-0268,2026-09-03 01:43:00,INTERCEPTED,2026-09-03 02:22:00,CASH_WITHDRAWAL_PREVENTED,44128.28,0,v2.2-xgboost-conformal
DR-2026-1065,CMP-HYD-00065,ATM-HYD-0063,ATM-HYD-0063,2026-08-18 20:12:00,INTERCEPTED,2026-08-18 20:38:00,SUSPECT_APPREHENDED_AND_FUNDS_FROZEN,84391.86,0,v2.2-xgboost-conformal
DR-2026-1066,CMP-HYD-00066,ATM-HYD-0044,ATM-HYD-0044,2026-05-18 22:56:00,INTERCEPTED,2026-05-18 23:37:00,SUSPECT_APPREHENDED_AND_FUNDS_FROZEN,46448.79,0,v2.2-xgboost-conformal
DR-2026-1067,CMP-HYD-00067,ATM-HYD-0015,ATM-HYD-0015,2026-01-19 18:52:00,INTERCEPTED,2026-01-19 19:09:00,SUSPECT_APPREHENDED_AND_FUNDS_FROZEN,197822.04,0,v2.2-xgboost-conformal
DR-2026-1068,CMP-HYD-00068,ATM-HYD-0060,ATM-HYD-0060,2026-04-02 16:06:00,INTERCEPTED,2026-04-02 16:44:00,SUSPECT_APPREHENDED_AND_FUNDS_FROZEN,24760.29,0,v2.2-xgboost-conformal
DR-2026-1069,CMP-HYD-00069,ATM-HYD-0368,ATM-HYD-0368,2026-03-17 20:09:00,INTERCEPTED,2026-03-17 20:53:00,CASH_WITHDRAWAL_PREVENTED,191967.89,0,v2.2-xgboost-conformal
DR-2026-1070,CMP-HYD-00070,ATM-HYD-0286,ATM-HYD-0199,2026-05-21 02:19:00,DISPATCHED_MISSED,2026-05-21 03:09:00,DIFFERENT_ATM_USED,0.0,1,v2.2-xgboost-conformal
DR-2026-1071,CMP-HYD-00071,ATM-HYD-0061,ATM-HYD-0061,2026-06-21 18:54:00,INTERCEPTED,2026-06-21 19:49:00,SUSPECT_APPREHENDED_AND_FUNDS_FROZEN,39724.88,0,v2.2-xgboost-conformal
DR-2026-1072,CMP-HYD-00072,ATM-HYD-0078,ATM-HYD-0078,2026-02-02 21:41:00,INTERCEPTED,2026-02-02 22:25:00,SUSPECT_APPREHENDED_AND_FUNDS_FROZEN,94899.59,0,v2.2-xgboost-conformal
DR-2026-1073,CMP-HYD-00073,ATM-HYD-0455,ATM-HYD-0455,2026-01-02 10:15:00,INTERCEPTED,2026-01-02 10:44:00,CASH_WITHDRAWAL_PREVENTED,37810.04,0,v2.2-xgboost-conformal
DR-2026-1074,CMP-HYD-00074,ATM-HYD-0183,ATM-HYD-0183,2026-02-14 20:38:00,INTERCEPTED,2026-02-14 21:31:00,CASH_WITHDRAWAL_PREVENTED,24873.97,0,v2.2-xgboost-conformal
DR-2026-1075,CMP-HYD-00075,ATM-HYD-0413,ATM-HYD-0413,2026-07-16 18:13:00,INTERCEPTED,2026-07-16 18:56:00,SUSPECT_APPREHENDED_AND_FUNDS_FROZEN,115221.92,0,v2.2-xgboost-conformal
DR-2026-1076,CMP-HYD-00076,ATM-HYD-0366,ATM-HYD-0366,2026-05-09 00:42:00,INTERCEPTED,2026-05-09 01:37:00,SUSPECT_APPREHENDED_AND_FUNDS_FROZEN,93735.91,0,v2.2-xgboost-conformal
DR-2026-1077,CMP-HYD-00077,ATM-HYD-0310,ATM-HYD-0001,2026-01-17 08:23:00,DISPATCHED_MISSED,2026-01-17 09:12:00,OFFICER_ARRIVED_POST_CASHOUT,0.0,1,v2.2-xgboost-conformal
DR-2026-1078,CMP-HYD-00078,ATM-HYD-0164,ATM-HYD-0164,2026-05-29 17:36:00,INTERCEPTED,2026-05-29 18:23:00,SUSPECT_APPREHENDED_AND_FUNDS_FROZEN,77304.76,0,v2.2-xgboost-conformal
DR-2026-1079,CMP-HYD-00079,ATM-HYD-0034,ATM-HYD-0034,2026-05-09 04:28:00,INTERCEPTED,2026-05-09 05:10:00,CASH_WITHDRAWAL_PREVENTED,12961.72,0,v2.2-xgboost-conformal
DR-2026-1080,CMP-HYD-00080,ATM-HYD-0045,ATM-HYD-0045,2026-05-03 06:37:00,INTERCEPTED,2026-05-03 07:04:00,CASH_WITHDRAWAL_PREVENTED,128523.43,0,v2.2-xgboost-conformal
DR-2026-1081,CMP-HYD-00081,ATM-HYD-0112,ATM-HYD-0112,2026-09-03 12:38:00,INTERCEPTED,2026-09-03 13:16:00,SUSPECT_APPREHENDED_AND_FUNDS_FROZEN,196440.11,0,v2.2-xgboost-conformal
DR-2026-1082,CMP-HYD-00082,ATM-HYD-0024,ATM-HYD-0024,2026-07-23 18:52:00,INTERCEPTED,2026-07-23 19:11:00,SUSPECT_APPREHENDED_AND_FUNDS_FROZEN,36256.58,0,v2.2-xgboost-conformal
DR-2026-1083,CMP-HYD-00083,ATM-HYD-0243,ATM-HYD-0243,2026-08-09 16:43:00,INTERCEPTED,2026-08-09 17:28:00,CASH_WITHDRAWAL_PREVENTED,179419.73,0,v2.2-xgboost-conformal
DR-2026-1084,CMP-HYD-00084,ATM-HYD-0226,ATM-HYD-0226,2026-07-31 00:57:00,INTERCEPTED,2026-07-31 01:42:00,SUSPECT_APPREHENDED_AND_FUNDS_FROZEN,173599.21,0,v2.2-xgboost-conformal
DR-2026-1085,CMP-HYD-00085,ATM-HYD-0002,ATM-HYD-0012,2026-04-19 04:16:00,DISPATCHED_MISSED,2026-04-19 04:40:00,DIFFERENT_ATM_USED,0.0,1,v2.2-xgboost-conformal
DR-2026-1086,CMP-HYD-00086,ATM-HYD-0455,ATM-HYD-0455,2026-06-26 10:26:00,INTERCEPTED,2026-06-26 10:47:00,SUSPECT_APPREHENDED_AND_FUNDS_FROZEN,45983.36,0,v2.2-xgboost-conformal
DR-2026-1087,CMP-HYD-00087,ATM-HYD-0051,ATM-HYD-0051,2026-02-15 11:35:00,INTERCEPTED,2026-02-15 12:25:00,SUSPECT_APPREHENDED_AND_FUNDS_FROZEN,130833.38,0,v2.2-xgboost-conformal
DR-2026-1088,CMP-HYD-00088,ATM-HYD-0083,ATM-HYD-0083,2026-05-11 12:50:00,INTERCEPTED,2026-05-11 13:14:00,CASH_WITHDRAWAL_PREVENTED,45072.19,0,v2.2-xgboost-conformal
DR-2026-1089,CMP-HYD-00089,ATM-HYD-0324,ATM-HYD-0324,2026-02-26 11:05:00,INTERCEPTED,2026-02-26 11:57:00,CASH_WITHDRAWAL_PREVENTED,73203.71,0,v2.2-xgboost-conformal
DR-2026-1090,CMP-HYD-00090,ATM-HYD-0258,ATM-HYD-0258,2026-03-15 06:02:00,INTERCEPTED,2026-03-15 06:56:00,CASH_WITHDRAWAL_PREVENTED,170922.44,0,v2.2-xgboost-conformal
DR-2026-1091,CMP-HYD-00091,ATM-HYD-0278,ATM-HYD-0278,2026-05-31 06:33:00,INTERCEPTED,2026-05-31 07:26:00,SUSPECT_APPREHENDED_AND_FUNDS_FROZEN,119996.36,0,v2.2-xgboost-conformal
DR-2026-1092,CMP-HYD-00092,ATM-HYD-0173,ATM-HYD-0173,2026-05-28 00:16:00,INTERCEPTED,2026-05-28 01:06:00,SUSPECT_APPREHENDED_AND_FUNDS_FROZEN,117547.87,0,v2.2-xgboost-conformal
DR-2026-1093,CMP-HYD-00093,ATM-HYD-0367,ATM-HYD-0367,2026-09-04 14:43:00,INTERCEPTED,2026-09-04 15:17:00,SUSPECT_APPREHENDED_AND_FUNDS_FROZEN,92762.0,0,v2.2-xgboost-conformal
DR-2026-1094,CMP-HYD-00094,ATM-HYD-0430,ATM-HYD-0430,2026-06-29 08:15:00,INTERCEPTED,2026-06-29 08:34:00,CASH_WITHDRAWAL_PREVENTED,14112.77,0,v2.2-xgboost-conformal
DR-2026-1095,CMP-HYD-00095,ATM-HYD-0515,ATM-HYD-0361,2026-07-08 06:15:00,DISPATCHED_MISSED,2026-07-08 06:56:00,DIFFERENT_ATM_USED,0.0,1,v2.2-xgboost-conformal
DR-2026-1096,CMP-HYD-00096,ATM-HYD-0305,ATM-HYD-0018,2026-07-15 17:02:00,DISPATCHED_MISSED,2026-07-15 17:33:00,OFFICER_ARRIVED_POST_CASHOUT,0.0,1,v2.2-xgboost-conformal
DR-2026-1097,CMP-HYD-00097,ATM-HYD-0440,ATM-HYD-0440,2026-07-24 13:30:00,INTERCEPTED,2026-07-24 14:11:00,SUSPECT_APPREHENDED_AND_FUNDS_FROZEN,188157.67,0,v2.2-xgboost-conformal
DR-2026-1098,CMP-HYD-00098,ATM-HYD-0488,ATM-HYD-0488,2026-05-29 03:20:00,INTERCEPTED,2026-05-29 03:36:00,CASH_WITHDRAWAL_PREVENTED,114397.35,0,v2.2-xgboost-conformal
DR-2026-1099,CMP-HYD-00099,ATM-HYD-0142,ATM-HYD-0142,2026-08-07 12:17:00,INTERCEPTED,2026-08-07 12:33:00,SUSPECT_APPREHENDED_AND_FUNDS_FROZEN,91976.08,0,v2.2-xgboost-conformal
DR-2026-1100,CMP-HYD-00100,ATM-HYD-0023,ATM-HYD-0023,2026-07-26 00:11:00,INTERCEPTED,2026-07-26 00:31:00,SUSPECT_APPREHENDED_AND_FUNDS_FROZEN,135804.5,0,v2.2-xgboost-conformal
DR-2026-1101,CMP-HYD-00101,ATM-HYD-0102,ATM-HYD-0102,2026-01-16 06:52:00,INTERCEPTED,2026-01-16 07:15:00,SUSPECT_APPREHENDED_AND_FUNDS_FROZEN,36181.18,0,v2.2-xgboost-conformal
DR-2026-1102,CMP-HYD-00102,ATM-HYD-0442,ATM-HYD-0291,2026-05-28 18:41:00,DISPATCHED_MISSED,2026-05-28 19:11:00,OFFICER_ARRIVED_POST_CASHOUT,0.0,1,v2.2-xgboost-conformal
DR-2026-1103,CMP-HYD-00103,ATM-HYD-0389,ATM-HYD-0389,2026-06-13 10:26:00,INTERCEPTED,2026-06-13 10:59:00,SUSPECT_APPREHENDED_AND_FUNDS_FROZEN,38874.37,0,v2.2-xgboost-conformal
DR-2026-1104,CMP-HYD-00104,ATM-HYD-0344,ATM-HYD-0344,2026-07-11 18:33:00,INTERCEPTED,2026-07-11 19:08:00,SUSPECT_APPREHENDED_AND_FUNDS_FROZEN,85292.73,0,v2.2-xgboost-conformal
DR-2026-1105,CMP-HYD-00105,ATM-HYD-0504,ATM-HYD-0504,2026-01-14 00:49:00,INTERCEPTED,2026-01-14 01:21:00,CASH_WITHDRAWAL_PREVENTED,195471.75,0,v2.2-xgboost-conformal
DR-2026-1106,CMP-HYD-00106,ATM-HYD-0504,ATM-HYD-0504,2026-05-15 05:01:00,INTERCEPTED,2026-05-15 05:25:00,SUSPECT_APPREHENDED_AND_FUNDS_FROZEN,41223.45,0,v2.2-xgboost-conformal
DR-2026-1107,CMP-HYD-00107,ATM-HYD-0178,ATM-HYD-0178,2026-06-11 23:40:00,INTERCEPTED,2026-06-12 00:21:00,CASH_WITHDRAWAL_PREVENTED,129418.81,0,v2.2-xgboost-conformal
DR-2026-1108,CMP-HYD-00108,ATM-HYD-0329,ATM-HYD-0013,2026-01-01 16:52:00,DISPATCHED_MISSED,2026-01-01 17:19:00,DIFFERENT_ATM_USED,0.0,1,v2.2-xgboost-conformal
DR-2026-1109,CMP-HYD-00109,ATM-HYD-0273,ATM-HYD-0195,2026-02-18 13:56:00,DISPATCHED_MISSED,2026-02-18 14:25:00,OFFICER_ARRIVED_POST_CASHOUT,0.0,1,v2.2-xgboost-conformal
DR-2026-1110,CMP-HYD-00110,ATM-HYD-0096,ATM-HYD-0096,2026-03-14 20:47:00,INTERCEPTED,2026-03-14 21:22:00,CASH_WITHDRAWAL_PREVENTED,82422.79,0,v2.2-xgboost-conformal
DR-2026-1111,CMP-HYD-00111,ATM-HYD-0362,ATM-HYD-0017,2026-02-08 01:34:00,DISPATCHED_MISSED,2026-02-08 02:20:00,DIFFERENT_ATM_USED,0.0,1,v2.2-xgboost-conformal
DR-2026-1112,CMP-HYD-00112,ATM-HYD-0301,ATM-HYD-0301,2026-04-29 22:50:00,INTERCEPTED,2026-04-29 23:07:00,SUSPECT_APPREHENDED_AND_FUNDS_FROZEN,93193.17,0,v2.2-xgboost-conformal
DR-2026-1113,CMP-HYD-00113,ATM-HYD-0449,ATM-HYD-0449,2026-02-01 22:15:00,INTERCEPTED,2026-02-01 22:48:00,SUSPECT_APPREHENDED_AND_FUNDS_FROZEN,13588.14,0,v2.2-xgboost-conformal
DR-2026-1114,CMP-HYD-00114,ATM-HYD-0328,ATM-HYD-0328,2026-06-11 23:02:00,INTERCEPTED,2026-06-11 23:40:00,CASH_WITHDRAWAL_PREVENTED,37688.75,0,v2.2-xgboost-conformal
DR-2026-1115,CMP-HYD-00115,ATM-HYD-0246,ATM-HYD-0246,2026-05-30 03:25:00,INTERCEPTED,2026-05-30 04:01:00,SUSPECT_APPREHENDED_AND_FUNDS_FROZEN,80062.67,0,v2.2-xgboost-conformal
DR-2026-1116,CMP-HYD-00116,ATM-HYD-0181,ATM-HYD-0181,2026-01-16 11:41:00,INTERCEPTED,2026-01-16 12:22:00,SUSPECT_APPREHENDED_AND_FUNDS_FROZEN,13401.37,0,v2.2-xgboost-conformal
DR-2026-1117,CMP-HYD-00117,ATM-HYD-0272,ATM-HYD-0106,2026-08-19 01:31:00,DISPATCHED_MISSED,2026-08-19 01:46:00,DIFFERENT_ATM_USED,0.0,1,v2.2-xgboost-conformal
DR-2026-1118,CMP-HYD-00118,ATM-HYD-0205,ATM-HYD-0205,2026-02-09 14:18:00,INTERCEPTED,2026-02-09 15:09:00,CASH_WITHDRAWAL_PREVENTED,184817.36,0,v2.2-xgboost-conformal
DR-2026-1119,CMP-HYD-00119,ATM-HYD-0033,ATM-HYD-0033,2026-02-18 16:43:00,INTERCEPTED,2026-02-18 17:27:00,CASH_WITHDRAWAL_PREVENTED,109302.03,0,v2.2-xgboost-conformal
DR-2026-1120,CMP-HYD-00120,ATM-HYD-0288,ATM-HYD-0100,2026-02-19 03:02:00,DISPATCHED_MISSED,2026-02-19 03:51:00,OFFICER_ARRIVED_POST_CASHOUT,0.0,1,v2.2-xgboost-conformal
DR-2026-1121,CMP-HYD-00121,ATM-HYD-0220,ATM-HYD-0220,2026-04-30 20:03:00,INTERCEPTED,2026-04-30 20:39:00,CASH_WITHDRAWAL_PREVENTED,23521.52,0,v2.2-xgboost-conformal
DR-2026-1122,CMP-HYD-00122,ATM-HYD-0100,ATM-HYD-0158,2026-01-25 03:46:00,DISPATCHED_MISSED,2026-01-25 04:02:00,OFFICER_ARRIVED_POST_CASHOUT,0.0,1,v2.2-xgboost-conformal
DR-2026-1123,CMP-HYD-00123,ATM-HYD-0285,ATM-HYD-0285,2026-08-15 03:10:00,INTERCEPTED,2026-08-15 03:29:00,SUSPECT_APPREHENDED_AND_FUNDS_FROZEN,106204.3,0,v2.2-xgboost-conformal
DR-2026-1124,CMP-HYD-00124,ATM-HYD-0288,ATM-HYD-0288,2026-05-25 17:13:00,INTERCEPTED,2026-05-25 17:49:00,CASH_WITHDRAWAL_PREVENTED,43830.14,0,v2.2-xgboost-conformal
DR-2026-1125,CMP-HYD-00125,ATM-HYD-0103,ATM-HYD-0103,2026-03-18 07:13:00,INTERCEPTED,2026-03-18 07:34:00,CASH_WITHDRAWAL_PREVENTED,13405.87,0,v2.2-xgboost-conformal
DR-2026-1126,CMP-HYD-00126,ATM-HYD-0283,ATM-HYD-0283,2026-04-04 18:15:00,INTERCEPTED,2026-04-04 19:05:00,CASH_WITHDRAWAL_PREVENTED,80875.72,0,v2.2-xgboost-conformal
DR-2026-1127,CMP-HYD-00127,ATM-HYD-0392,ATM-HYD-0392,2026-06-02 20:19:00,INTERCEPTED,2026-06-02 21:00:00,SUSPECT_APPREHENDED_AND_FUNDS_FROZEN,22724.95,0,v2.2-xgboost-conformal
DR-2026-1128,CMP-HYD-00128,ATM-HYD-0403,ATM-HYD-0403,2026-06-12 20:24:00,INTERCEPTED,2026-06-12 21:14:00,CASH_WITHDRAWAL_PREVENTED,14806.94,0,v2.2-xgboost-conformal
DR-2026-1129,CMP-HYD-00129,ATM-HYD-0431,ATM-HYD-0431,2026-04-21 09:50:00,INTERCEPTED,2026-04-21 10:12:00,SUSPECT_APPREHENDED_AND_FUNDS_FROZEN,46331.72,0,v2.2-xgboost-conformal
DR-2026-1130,CMP-HYD-00130,ATM-HYD-0095,ATM-HYD-0095,2026-04-12 20:36:00,INTERCEPTED,2026-04-12 21:19:00,SUSPECT_APPREHENDED_AND_FUNDS_FROZEN,146022.82,0,v2.2-xgboost-conformal
DR-2026-1131,CMP-HYD-00131,ATM-HYD-0356,ATM-HYD-0356,2026-03-24 11:38:00,INTERCEPTED,2026-03-24 12:16:00,SUSPECT_APPREHENDED_AND_FUNDS_FROZEN,46058.78,0,v2.2-xgboost-conformal
DR-2026-1132,CMP-HYD-00132,ATM-HYD-0390,ATM-HYD-0270,2026-07-13 23:54:00,DISPATCHED_MISSED,2026-07-14 00:33:00,OFFICER_ARRIVED_POST_CASHOUT,0.0,1,v2.2-xgboost-conformal
DR-2026-1133,CMP-HYD-00133,ATM-HYD-0149,ATM-HYD-0149,2026-07-09 17:13:00,INTERCEPTED,2026-07-09 17:45:00,SUSPECT_APPREHENDED_AND_FUNDS_FROZEN,47133.58,0,v2.2-xgboost-conformal
DR-2026-1134,CMP-HYD-00134,ATM-HYD-0433,ATM-HYD-0433,2026-01-16 09:12:00,INTERCEPTED,2026-01-16 09:55:00,CASH_WITHDRAWAL_PREVENTED,40300.98,0,v2.2-xgboost-conformal
DR-2026-1135,CMP-HYD-00135,ATM-HYD-0268,ATM-HYD-0268,2026-09-08 12:32:00,INTERCEPTED,2026-09-08 13:23:00,CASH_WITHDRAWAL_PREVENTED,43358.45,0,v2.2-xgboost-conformal
DR-2026-1136,CMP-HYD-00136,ATM-HYD-0241,ATM-HYD-0265,2026-04-11 23:10:00,DISPATCHED_MISSED,2026-04-11 23:29:00,DIFFERENT_ATM_USED,0.0,1,v2.2-xgboost-conformal
DR-2026-1137,CMP-HYD-00137,ATM-HYD-0146,ATM-HYD-0146,2026-08-31 08:14:00,INTERCEPTED,2026-08-31 08:51:00,SUSPECT_APPREHENDED_AND_FUNDS_FROZEN,192376.86,0,v2.2-xgboost-conformal
DR-2026-1138,CMP-HYD-00138,ATM-HYD-0150,ATM-HYD-0150,2026-04-25 17:08:00,INTERCEPTED,2026-04-25 17:53:00,CASH_WITHDRAWAL_PREVENTED,94613.87,0,v2.2-xgboost-conformal
DR-2026-1139,CMP-HYD-00139,ATM-HYD-0386,ATM-HYD-0386,2026-03-23 02:35:00,INTERCEPTED,2026-03-23 03:17:00,CASH_WITHDRAWAL_PREVENTED,41530.45,0,v2.2-xgboost-conformal
DR-2026-1140,CMP-HYD-00140,ATM-HYD-0104,ATM-HYD-0104,2026-07-19 06:06:00,INTERCEPTED,2026-07-19 06:49:00,SUSPECT_APPREHENDED_AND_FUNDS_FROZEN,39773.55,0,v2.2-xgboost-conformal
DR-2026-1141,CMP-HYD-00141,ATM-HYD-0132,ATM-HYD-0132,2026-05-09 19:30:00,INTERCEPTED,2026-05-09 20:04:00,SUSPECT_APPREHENDED_AND_FUNDS_FROZEN,36169.32,0,v2.2-xgboost-conformal
DR-2026-1142,CMP-HYD-00142,ATM-HYD-0256,ATM-HYD-0256,2026-01-17 05:59:00,INTERCEPTED,2026-01-17 06:43:00,CASH_WITHDRAWAL_PREVENTED,44005.79,0,v2.2-xgboost-conformal
DR-2026-1143,CMP-HYD-00143,ATM-HYD-0127,ATM-HYD-0127,2026-05-15 20:56:00,INTERCEPTED,2026-05-15 21:43:00,SUSPECT_APPREHENDED_AND_FUNDS_FROZEN,171200.84,0,v2.2-xgboost-conformal
DR-2026-1144,CMP-HYD-00144,ATM-HYD-0220,ATM-HYD-0220,2026-03-16 14:25:00,INTERCEPTED,2026-03-16 15:16:00,SUSPECT_APPREHENDED_AND_FUNDS_FROZEN,46743.85,0,v2.2-xgboost-conformal
DR-2026-1145,CMP-HYD-00145,ATM-HYD-0409,ATM-HYD-0409,2026-02-04 12:26:00,INTERCEPTED,2026-02-04 13:11:00,SUSPECT_APPREHENDED_AND_FUNDS_FROZEN,188350.07,0,v2.2-xgboost-conformal
DR-2026-1146,CMP-HYD-00146,ATM-HYD-0002,ATM-HYD-0002,2026-06-12 11:05:00,INTERCEPTED,2026-06-12 11:27:00,SUSPECT_APPREHENDED_AND_FUNDS_FROZEN,137763.03,0,v2.2-xgboost-conformal
DR-2026-1147,CMP-HYD-00147,ATM-HYD-0027,ATM-HYD-0027,2026-08-11 04:11:00,INTERCEPTED,2026-08-11 04:27:00,SUSPECT_APPREHENDED_AND_FUNDS_FROZEN,37297.01,0,v2.2-xgboost-conformal
DR-2026-1148,CMP-HYD-00148,ATM-HYD-0453,ATM-HYD-0453,2026-08-07 15:34:00,INTERCEPTED,2026-08-07 15:59:00,CASH_WITHDRAWAL_PREVENTED,129383.03,0,v2.2-xgboost-conformal
DR-2026-1149,CMP-HYD-00149,ATM-HYD-0264,ATM-HYD-0264,2026-01-13 05:09:00,INTERCEPTED,2026-01-13 05:45:00,SUSPECT_APPREHENDED_AND_FUNDS_FROZEN,44628.05,0,v2.2-xgboost-conformal
DR-2026-1150,CMP-HYD-00150,ATM-HYD-0457,ATM-HYD-0168,2026-02-15 14:47:00,DISPATCHED_MISSED,2026-02-15 15:05:00,DIFFERENT_ATM_USED,0.0,1,v2.2-xgboost-conformal
DR-2026-1151,CMP-HYD-00151,ATM-HYD-0030,ATM-HYD-0030,2026-05-15 13:33:00,INTERCEPTED,2026-05-15 14:28:00,SUSPECT_APPREHENDED_AND_FUNDS_FROZEN,86376.77,0,v2.2-xgboost-conformal
DR-2026-1152,CMP-HYD-00152,ATM-HYD-0190,ATM-HYD-0190,2026-08-26 04:39:00,INTERCEPTED,2026-08-26 05:15:00,SUSPECT_APPREHENDED_AND_FUNDS_FROZEN,82921.55,0,v2.2-xgboost-conformal
DR-2026-1153,CMP-HYD-00153,ATM-HYD-0519,ATM-HYD-0255,2026-07-24 19:26:00,DISPATCHED_MISSED,2026-07-24 20:17:00,DIFFERENT_ATM_USED,0.0,1,v2.2-xgboost-conformal
DR-2026-1154,CMP-HYD-00154,ATM-HYD-0091,ATM-HYD-0492,2026-06-25 10:21:00,DISPATCHED_MISSED,2026-06-25 11:04:00,OFFICER_ARRIVED_POST_CASHOUT,0.0,1,v2.2-xgboost-conformal
DR-2026-1155,CMP-HYD-00155,ATM-HYD-0448,ATM-HYD-0136,2026-08-18 10:29:00,DISPATCHED_MISSED,2026-08-18 11:09:00,DIFFERENT_ATM_USED,0.0,1,v2.2-xgboost-conformal
DR-2026-1156,CMP-HYD-00156,ATM-HYD-0421,ATM-HYD-0421,2026-09-06 04:17:00,INTERCEPTED,2026-09-06 04:41:00,SUSPECT_APPREHENDED_AND_FUNDS_FROZEN,23042.21,0,v2.2-xgboost-conformal
DR-2026-1157,CMP-HYD-00157,ATM-HYD-0378,ATM-HYD-0378,2026-08-13 07:23:00,INTERCEPTED,2026-08-13 07:38:00,CASH_WITHDRAWAL_PREVENTED,144015.46,0,v2.2-xgboost-conformal
DR-2026-1158,CMP-HYD-00158,ATM-HYD-0089,ATM-HYD-0089,2026-02-18 10:59:00,INTERCEPTED,2026-02-18 11:23:00,SUSPECT_APPREHENDED_AND_FUNDS_FROZEN,41695.57,0,v2.2-xgboost-conformal
DR-2026-1159,CMP-HYD-00159,ATM-HYD-0420,ATM-HYD-0420,2026-01-02 09:59:00,INTERCEPTED,2026-01-02 10:48:00,SUSPECT_APPREHENDED_AND_FUNDS_FROZEN,24706.29,0,v2.2-xgboost-conformal
DR-2026-1160,CMP-HYD-00160,ATM-HYD-0451,ATM-HYD-0451,2026-02-21 06:18:00,INTERCEPTED,2026-02-21 06:43:00,SUSPECT_APPREHENDED_AND_FUNDS_FROZEN,82072.08,0,v2.2-xgboost-conformal
DR-2026-1161,CMP-HYD-00161,ATM-HYD-0118,ATM-HYD-0118,2026-08-30 22:51:00,INTERCEPTED,2026-08-30 23:39:00,SUSPECT_APPREHENDED_AND_FUNDS_FROZEN,40034.37,0,v2.2-xgboost-conformal
DR-2026-1162,CMP-HYD-00162,ATM-HYD-0448,ATM-HYD-0448,2026-02-15 22:38:00,INTERCEPTED,2026-02-15 23:07:00,SUSPECT_APPREHENDED_AND_FUNDS_FROZEN,118428.86,0,v2.2-xgboost-conformal
DR-2026-1163,CMP-HYD-00163,ATM-HYD-0347,ATM-HYD-0347,2026-04-27 09:43:00,INTERCEPTED,2026-04-27 10:01:00,SUSPECT_APPREHENDED_AND_FUNDS_FROZEN,23257.83,0,v2.2-xgboost-conformal
DR-2026-1164,CMP-HYD-00164,ATM-HYD-0042,ATM-HYD-0042,2026-05-05 00:04:00,INTERCEPTED,2026-05-05 00:51:00,CASH_WITHDRAWAL_PREVENTED,139414.35,0,v2.2-xgboost-conformal
DR-2026-1165,CMP-HYD-00165,ATM-HYD-0133,ATM-HYD-0133,2026-06-16 02:50:00,INTERCEPTED,2026-06-16 03:24:00,CASH_WITHDRAWAL_PREVENTED,188737.0,0,v2.2-xgboost-conformal
DR-2026-1166,CMP-HYD-00166,ATM-HYD-0376,ATM-HYD-0376,2026-05-26 10:34:00,INTERCEPTED,2026-05-26 11:14:00,CASH_WITHDRAWAL_PREVENTED,115111.91,0,v2.2-xgboost-conformal
DR-2026-1167,CMP-HYD-00167,ATM-HYD-0118,ATM-HYD-0118,2026-09-02 12:04:00,INTERCEPTED,2026-09-02 12:34:00,SUSPECT_APPREHENDED_AND_FUNDS_FROZEN,80289.37,0,v2.2-xgboost-conformal
DR-2026-1168,CMP-HYD-00168,ATM-HYD-0002,ATM-HYD-0002,2026-06-19 04:28:00,INTERCEPTED,2026-06-19 05:08:00,SUSPECT_APPREHENDED_AND_FUNDS_FROZEN,36169.3,0,v2.2-xgboost-conformal
DR-2026-1169,CMP-HYD-00169,ATM-HYD-0128,ATM-HYD-0513,2026-04-14 04:54:00,DISPATCHED_MISSED,2026-04-14 05:45:00,OFFICER_ARRIVED_POST_CASHOUT,0.0,1,v2.2-xgboost-conformal
DR-2026-1170,CMP-HYD-00170,ATM-HYD-0187,ATM-HYD-0236,2026-07-02 12:25:00,DISPATCHED_MISSED,2026-07-02 12:49:00,DIFFERENT_ATM_USED,0.0,1,v2.2-xgboost-conformal
DR-2026-1171,CMP-HYD-00171,ATM-HYD-0486,ATM-HYD-0396,2026-01-03 02:41:00,DISPATCHED_MISSED,2026-01-03 03:12:00,OFFICER_ARRIVED_POST_CASHOUT,0.0,1,v2.2-xgboost-conformal
DR-2026-1172,CMP-HYD-00172,ATM-HYD-0227,ATM-HYD-0227,2026-04-19 17:52:00,INTERCEPTED,2026-04-19 18:12:00,SUSPECT_APPREHENDED_AND_FUNDS_FROZEN,182474.83,0,v2.2-xgboost-conformal
DR-2026-1173,CMP-HYD-00173,ATM-HYD-0454,ATM-HYD-0454,2026-05-26 15:45:00,INTERCEPTED,2026-05-26 16:39:00,SUSPECT_APPREHENDED_AND_FUNDS_FROZEN,13675.25,0,v2.2-xgboost-conformal
DR-2026-1174,CMP-HYD-00174,ATM-HYD-0465,ATM-HYD-0465,2026-05-01 20:47:00,INTERCEPTED,2026-05-01 21:13:00,SUSPECT_APPREHENDED_AND_FUNDS_FROZEN,49022.8,0,v2.2-xgboost-conformal
DR-2026-1175,CMP-HYD-00175,ATM-HYD-0031,ATM-HYD-0031,2026-04-18 11:51:00,INTERCEPTED,2026-04-18 12:13:00,CASH_WITHDRAWAL_PREVENTED,88958.98,0,v2.2-xgboost-conformal
DR-2026-1176,CMP-HYD-00176,ATM-HYD-0410,ATM-HYD-0033,2026-03-15 15:05:00,DISPATCHED_MISSED,2026-03-15 15:21:00,OFFICER_ARRIVED_POST_CASHOUT,0.0,1,v2.2-xgboost-conformal
DR-2026-1177,CMP-HYD-00177,ATM-HYD-0325,ATM-HYD-0218,2026-04-05 05:16:00,DISPATCHED_MISSED,2026-04-05 06:11:00,OFFICER_ARRIVED_POST_CASHOUT,0.0,1,v2.2-xgboost-conformal
DR-2026-1178,CMP-HYD-00178,ATM-HYD-0407,ATM-HYD-0076,2026-06-19 14:46:00,DISPATCHED_MISSED,2026-06-19 15:19:00,DIFFERENT_ATM_USED,0.0,1,v2.2-xgboost-conformal
DR-2026-1179,CMP-HYD-00179,ATM-HYD-0176,ATM-HYD-0176,2026-04-08 21:45:00,INTERCEPTED,2026-04-08 22:29:00,SUSPECT_APPREHENDED_AND_FUNDS_FROZEN,43825.42,0,v2.2-xgboost-conformal
DR-2026-1180,CMP-HYD-00180,ATM-HYD-0132,ATM-HYD-0132,2026-03-27 08:17:00,INTERCEPTED,2026-03-27 08:59:00,SUSPECT_APPREHENDED_AND_FUNDS_FROZEN,75302.2,0,v2.2-xgboost-conformal
DR-2026-1181,CMP-HYD-00181,ATM-HYD-0354,ATM-HYD-0354,2026-01-04 13:06:00,INTERCEPTED,2026-01-04 13:54:00,SUSPECT_APPREHENDED_AND_FUNDS_FROZEN,22894.42,0,v2.2-xgboost-conformal
DR-2026-1182,CMP-HYD-00182,ATM-HYD-0309,ATM-HYD-0309,2026-07-01 03:05:00,INTERCEPTED,2026-07-01 03:42:00,SUSPECT_APPREHENDED_AND_FUNDS_FROZEN,23666.07,0,v2.2-xgboost-conformal
DR-2026-1183,CMP-HYD-00183,ATM-HYD-0343,ATM-HYD-0343,2026-07-16 13:44:00,INTERCEPTED,2026-07-16 14:26:00,SUSPECT_APPREHENDED_AND_FUNDS_FROZEN,73929.48,0,v2.2-xgboost-conformal
DR-2026-1184,CMP-HYD-00184,ATM-HYD-0063,ATM-HYD-0063,2026-05-06 06:39:00,INTERCEPTED,2026-05-06 07:05:00,SUSPECT_APPREHENDED_AND_FUNDS_FROZEN,24186.16,0,v2.2-xgboost-conformal
DR-2026-1185,CMP-HYD-00185,ATM-HYD-0022,ATM-HYD-0022,2026-01-05 15:09:00,INTERCEPTED,2026-01-05 15:53:00,CASH_WITHDRAWAL_PREVENTED,133933.08,0,v2.2-xgboost-conformal
DR-2026-1186,CMP-HYD-00186,ATM-HYD-0058,ATM-HYD-0058,2026-04-14 23:49:00,INTERCEPTED,2026-04-15 00:12:00,CASH_WITHDRAWAL_PREVENTED,103267.99,0,v2.2-xgboost-conformal
DR-2026-1187,CMP-HYD-00187,ATM-HYD-0464,ATM-HYD-0282,2026-05-17 10:05:00,DISPATCHED_MISSED,2026-05-17 10:52:00,DIFFERENT_ATM_USED,0.0,1,v2.2-xgboost-conformal
DR-2026-1188,CMP-HYD-00188,ATM-HYD-0457,ATM-HYD-0457,2026-07-08 06:08:00,INTERCEPTED,2026-07-08 06:24:00,SUSPECT_APPREHENDED_AND_FUNDS_FROZEN,136553.3,0,v2.2-xgboost-conformal
DR-2026-1189,CMP-HYD-00189,ATM-HYD-0299,ATM-HYD-0299,2026-03-28 01:21:00,INTERCEPTED,2026-03-28 01:53:00,SUSPECT_APPREHENDED_AND_FUNDS_FROZEN,12886.1,0,v2.2-xgboost-conformal
DR-2026-1190,CMP-HYD-00190,ATM-HYD-0310,ATM-HYD-0385,2026-06-17 00:30:00,DISPATCHED_MISSED,2026-06-17 01:14:00,OFFICER_ARRIVED_POST_CASHOUT,0.0,1,v2.2-xgboost-conformal
DR-2026-1191,CMP-HYD-00191,ATM-HYD-0400,ATM-HYD-0400,2026-05-08 19:51:00,INTERCEPTED,2026-05-08 20:41:00,SUSPECT_APPREHENDED_AND_FUNDS_FROZEN,24772.24,0,v2.2-xgboost-conformal
DR-2026-1192,CMP-HYD-00192,ATM-HYD-0033,ATM-HYD-0212,2026-06-01 05:21:00,DISPATCHED_MISSED,2026-06-01 05:55:00,DIFFERENT_ATM_USED,0.0,1,v2.2-xgboost-conformal
DR-2026-1193,CMP-HYD-00193,ATM-HYD-0296,ATM-HYD-0296,2026-07-19 05:01:00,INTERCEPTED,2026-07-19 05:38:00,CASH_WITHDRAWAL_PREVENTED,108902.25,0,v2.2-xgboost-conformal
DR-2026-1194,CMP-HYD-00194,ATM-HYD-0211,ATM-HYD-0211,2026-03-03 05:39:00,INTERCEPTED,2026-03-03 06:07:00,CASH_WITHDRAWAL_PREVENTED,109409.5,0,v2.2-xgboost-conformal
DR-2026-1195,CMP-HYD-00195,ATM-HYD-0507,ATM-HYD-0507,2026-06-08 11:55:00,INTERCEPTED,2026-06-08 12:28:00,CASH_WITHDRAWAL_PREVENTED,24929.02,0,v2.2-xgboost-conformal
DR-2026-1196,CMP-HYD-00196,ATM-HYD-0104,ATM-HYD-0193,2026-06-15 11:18:00,DISPATCHED_MISSED,2026-06-15 12:08:00,OFFICER_ARRIVED_POST_CASHOUT,0.0,1,v2.2-xgboost-conformal
DR-2026-1197,CMP-HYD-00197,ATM-HYD-0057,ATM-HYD-0057,2026-08-18 07:46:00,INTERCEPTED,2026-08-18 08:03:00,SUSPECT_APPREHENDED_AND_FUNDS_FROZEN,21545.48,0,v2.2-xgboost-conformal
DR-2026-1198,CMP-HYD-00198,ATM-HYD-0447,ATM-HYD-0447,2026-08-17 07:04:00,INTERCEPTED,2026-08-17 07:29:00,CASH_WITHDRAWAL_PREVENTED,114687.19,0,v2.2-xgboost-conformal
DR-2026-1199,CMP-HYD-00199,ATM-HYD-0499,ATM-HYD-0499,2026-03-27 04:02:00,INTERCEPTED,2026-03-27 04:27:00,CASH_WITHDRAWAL_PREVENTED,46011.42,0,v2.2-xgboost-conformal
DR-2026-1200,CMP-HYD-00200,ATM-HYD-0382,ATM-HYD-0382,2026-05-28 17:54:00,INTERCEPTED,2026-05-28 18:23:00,CASH_WITHDRAWAL_PREVENTED,40383.72,0,v2.2-xgboost-conformal
DR-2026-1201,CMP-HYD-00201,ATM-HYD-0264,ATM-HYD-0264,2026-05-29 07:57:00,INTERCEPTED,2026-05-29 08:44:00,SUSPECT_APPREHENDED_AND_FUNDS_FROZEN,104952.01,0,v2.2-xgboost-conformal
DR-2026-1202,CMP-HYD-00202,ATM-HYD-0399,ATM-HYD-0399,2026-05-07 07:05:00,INTERCEPTED,2026-05-07 07:59:00,SUSPECT_APPREHENDED_AND_FUNDS_FROZEN,135038.65,0,v2.2-xgboost-conformal
DR-2026-1203,CMP-HYD-00203,ATM-HYD-0237,ATM-HYD-0116,2026-09-07 14:29:00,DISPATCHED_MISSED,2026-09-07 15:09:00,OFFICER_ARRIVED_POST_CASHOUT,0.0,1,v2.2-xgboost-conformal
DR-2026-1204,CMP-HYD-00204,ATM-HYD-0035,ATM-HYD-0035,2026-05-28 06:50:00,INTERCEPTED,2026-05-28 07:17:00,SUSPECT_APPREHENDED_AND_FUNDS_FROZEN,173160.3,0,v2.2-xgboost-conformal
DR-2026-1205,CMP-HYD-00205,ATM-HYD-0328,ATM-HYD-0232,2026-02-14 20:35:00,DISPATCHED_MISSED,2026-02-14 21:27:00,DIFFERENT_ATM_USED,0.0,1,v2.2-xgboost-conformal
DR-2026-1206,CMP-HYD-00206,ATM-HYD-0061,ATM-HYD-0061,2026-03-12 01:04:00,INTERCEPTED,2026-03-12 01:21:00,SUSPECT_APPREHENDED_AND_FUNDS_FROZEN,103554.93,0,v2.2-xgboost-conformal
DR-2026-1207,CMP-HYD-00207,ATM-HYD-0331,ATM-HYD-0331,2026-08-17 14:05:00,INTERCEPTED,2026-08-17 14:23:00,CASH_WITHDRAWAL_PREVENTED,48010.38,0,v2.2-xgboost-conformal
DR-2026-1208,CMP-HYD-00208,ATM-HYD-0400,ATM-HYD-0400,2026-04-17 21:34:00,INTERCEPTED,2026-04-17 22:14:00,CASH_WITHDRAWAL_PREVENTED,84255.85,0,v2.2-xgboost-conformal
DR-2026-1209,CMP-HYD-00209,ATM-HYD-0340,ATM-HYD-0340,2026-06-01 21:44:00,INTERCEPTED,2026-06-01 22:36:00,SUSPECT_APPREHENDED_AND_FUNDS_FROZEN,141833.52,0,v2.2-xgboost-conformal
DR-2026-1210,CMP-HYD-00210,ATM-HYD-0283,ATM-HYD-0237,2026-04-01 09:29:00,DISPATCHED_MISSED,2026-04-01 10:03:00,OFFICER_ARRIVED_POST_CASHOUT,0.0,1,v2.2-xgboost-conformal
DR-2026-1211,CMP-HYD-00211,ATM-HYD-0511,ATM-HYD-0153,2026-04-23 08:23:00,DISPATCHED_MISSED,2026-04-23 09:03:00,OFFICER_ARRIVED_POST_CASHOUT,0.0,1,v2.2-xgboost-conformal
DR-2026-1212,CMP-HYD-00212,ATM-HYD-0478,ATM-HYD-0291,2026-08-31 14:59:00,DISPATCHED_MISSED,2026-08-31 15:45:00,DIFFERENT_ATM_USED,0.0,1,v2.2-xgboost-conformal
DR-2026-1213,CMP-HYD-00213,ATM-HYD-0467,ATM-HYD-0467,2026-07-07 15:57:00,INTERCEPTED,2026-07-07 16:27:00,SUSPECT_APPREHENDED_AND_FUNDS_FROZEN,24136.51,0,v2.2-xgboost-conformal
DR-2026-1214,CMP-HYD-00214,ATM-HYD-0168,ATM-HYD-0468,2026-07-20 08:12:00,DISPATCHED_MISSED,2026-07-20 08:36:00,DIFFERENT_ATM_USED,0.0,1,v2.2-xgboost-conformal
DR-2026-1215,CMP-HYD-00215,ATM-HYD-0080,ATM-HYD-0491,2026-02-07 22:54:00,DISPATCHED_MISSED,2026-02-07 23:26:00,OFFICER_ARRIVED_POST_CASHOUT,0.0,1,v2.2-xgboost-conformal
DR-2026-1216,CMP-HYD-00216,ATM-HYD-0458,ATM-HYD-0281,2026-02-11 23:57:00,DISPATCHED_MISSED,2026-02-12 00:25:00,OFFICER_ARRIVED_POST_CASHOUT,0.0,1,v2.2-xgboost-conformal
DR-2026-1217,CMP-HYD-00217,ATM-HYD-0369,ATM-HYD-0369,2026-01-02 13:40:00,INTERCEPTED,2026-01-02 14:24:00,SUSPECT_APPREHENDED_AND_FUNDS_FROZEN,22952.17,0,v2.2-xgboost-conformal
DR-2026-1218,CMP-HYD-00218,ATM-HYD-0083,ATM-HYD-0029,2026-05-07 17:47:00,DISPATCHED_MISSED,2026-05-07 18:02:00,DIFFERENT_ATM_USED,0.0,1,v2.2-xgboost-conformal
DR-2026-1219,CMP-HYD-00219,ATM-HYD-0369,ATM-HYD-0369,2026-01-31 08:31:00,INTERCEPTED,2026-01-31 09:03:00,CASH_WITHDRAWAL_PREVENTED,13818.65,0,v2.2-xgboost-conformal
DR-2026-1220,CMP-HYD-00220,ATM-HYD-0043,ATM-HYD-0481,2026-05-29 01:09:00,DISPATCHED_MISSED,2026-05-29 01:55:00,OFFICER_ARRIVED_POST_CASHOUT,0.0,1,v2.2-xgboost-conformal
DR-2026-1221,CMP-HYD-00221,ATM-HYD-0507,ATM-HYD-0507,2026-02-19 20:11:00,INTERCEPTED,2026-02-19 21:00:00,SUSPECT_APPREHENDED_AND_FUNDS_FROZEN,179708.55,0,v2.2-xgboost-conformal
DR-2026-1222,CMP-HYD-00222,ATM-HYD-0309,ATM-HYD-0309,2026-02-05 16:18:00,INTERCEPTED,2026-02-05 16:51:00,CASH_WITHDRAWAL_PREVENTED,12827.52,0,v2.2-xgboost-conformal
DR-2026-1223,CMP-HYD-00223,ATM-HYD-0088,ATM-HYD-0088,2026-05-03 11:19:00,INTERCEPTED,2026-05-03 11:35:00,SUSPECT_APPREHENDED_AND_FUNDS_FROZEN,13764.29,0,v2.2-xgboost-conformal
DR-2026-1224,CMP-HYD-00224,ATM-HYD-0202,ATM-HYD-0202,2026-03-20 04:13:00,INTERCEPTED,2026-03-20 04:50:00,SUSPECT_APPREHENDED_AND_FUNDS_FROZEN,46371.14,0,v2.2-xgboost-conformal
DR-2026-1225,CMP-HYD-00225,ATM-HYD-0077,ATM-HYD-0077,2026-05-01 03:58:00,INTERCEPTED,2026-05-01 04:47:00,SUSPECT_APPREHENDED_AND_FUNDS_FROZEN,12908.15,0,v2.2-xgboost-conformal
DR-2026-1226,CMP-HYD-00226,ATM-HYD-0211,ATM-HYD-0211,2026-08-31 18:22:00,INTERCEPTED,2026-08-31 18:54:00,CASH_WITHDRAWAL_PREVENTED,74768.92,0,v2.2-xgboost-conformal
DR-2026-1227,CMP-HYD-00227,ATM-HYD-0417,ATM-HYD-0417,2026-08-19 17:00:00,INTERCEPTED,2026-08-19 17:23:00,CASH_WITHDRAWAL_PREVENTED,38646.02,0,v2.2-xgboost-conformal
DR-2026-1228,CMP-HYD-00228,ATM-HYD-0175,ATM-HYD-0175,2026-05-12 07:26:00,INTERCEPTED,2026-05-12 07:45:00,CASH_WITHDRAWAL_PREVENTED,47901.82,0,v2.2-xgboost-conformal
DR-2026-1229,CMP-HYD-00229,ATM-HYD-0210,ATM-HYD-0210,2026-06-03 23:19:00,INTERCEPTED,2026-06-03 23:53:00,SUSPECT_APPREHENDED_AND_FUNDS_FROZEN,134561.12,0,v2.2-xgboost-conformal
DR-2026-1230,CMP-HYD-00230,ATM-HYD-0449,ATM-HYD-0449,2026-04-12 14:33:00,INTERCEPTED,2026-04-12 15:19:00,SUSPECT_APPREHENDED_AND_FUNDS_FROZEN,21750.86,0,v2.2-xgboost-conformal
DR-2026-1231,CMP-HYD-00231,ATM-HYD-0128,ATM-HYD-0128,2026-02-01 07:53:00,INTERCEPTED,2026-02-01 08:35:00,CASH_WITHDRAWAL_PREVENTED,109731.07,0,v2.2-xgboost-conformal
DR-2026-1232,CMP-HYD-00232,ATM-HYD-0061,ATM-HYD-0061,2026-03-13 04:49:00,INTERCEPTED,2026-03-13 05:37:00,SUSPECT_APPREHENDED_AND_FUNDS_FROZEN,195428.87,0,v2.2-xgboost-conformal
DR-2026-1233,CMP-HYD-00233,ATM-HYD-0103,ATM-HYD-0428,2026-02-09 09:39:00,DISPATCHED_MISSED,2026-02-09 10:22:00,DIFFERENT_ATM_USED,0.0,1,v2.2-xgboost-conformal
DR-2026-1234,CMP-HYD-00234,ATM-HYD-0438,ATM-HYD-0438,2026-01-05 01:27:00,INTERCEPTED,2026-01-05 01:59:00,SUSPECT_APPREHENDED_AND_FUNDS_FROZEN,197895.57,0,v2.2-xgboost-conformal
DR-2026-1235,CMP-HYD-00235,ATM-HYD-0109,ATM-HYD-0464,2026-07-15 03:36:00,DISPATCHED_MISSED,2026-07-15 04:30:00,DIFFERENT_ATM_USED,0.0,1,v2.2-xgboost-conformal
DR-2026-1236,CMP-HYD-00236,ATM-HYD-0286,ATM-HYD-0111,2026-07-16 09:20:00,DISPATCHED_MISSED,2026-07-16 09:41:00,DIFFERENT_ATM_USED,0.0,1,v2.2-xgboost-conformal
DR-2026-1237,CMP-HYD-00237,ATM-HYD-0024,ATM-HYD-0024,2026-01-15 21:15:00,INTERCEPTED,2026-01-15 21:44:00,SUSPECT_APPREHENDED_AND_FUNDS_FROZEN,86147.42,0,v2.2-xgboost-conformal
DR-2026-1238,CMP-HYD-00238,ATM-HYD-0239,ATM-HYD-0204,2026-08-19 13:17:00,DISPATCHED_MISSED,2026-08-19 14:04:00,OFFICER_ARRIVED_POST_CASHOUT,0.0,1,v2.2-xgboost-conformal
DR-2026-1239,CMP-HYD-00239,ATM-HYD-0357,ATM-HYD-0357,2026-06-07 09:23:00,INTERCEPTED,2026-06-07 10:09:00,SUSPECT_APPREHENDED_AND_FUNDS_FROZEN,38445.36,0,v2.2-xgboost-conformal
DR-2026-1240,CMP-HYD-00240,ATM-HYD-0115,ATM-HYD-0115,2026-07-03 18:06:00,INTERCEPTED,2026-07-03 18:23:00,SUSPECT_APPREHENDED_AND_FUNDS_FROZEN,23122.36,0,v2.2-xgboost-conformal
DR-2026-1241,CMP-HYD-00241,ATM-HYD-0408,ATM-HYD-0408,2026-03-06 19:32:00,INTERCEPTED,2026-03-06 20:14:00,SUSPECT_APPREHENDED_AND_FUNDS_FROZEN,105856.9,0,v2.2-xgboost-conformal
DR-2026-1242,CMP-HYD-00242,ATM-HYD-0332,ATM-HYD-0332,2026-08-28 18:46:00,INTERCEPTED,2026-08-28 19:05:00,CASH_WITHDRAWAL_PREVENTED,110123.49,0,v2.2-xgboost-conformal
DR-2026-1243,CMP-HYD-00243,ATM-HYD-0183,ATM-HYD-0183,2026-03-10 09:41:00,INTERCEPTED,2026-03-10 09:57:00,SUSPECT_APPREHENDED_AND_FUNDS_FROZEN,105483.04,0,v2.2-xgboost-conformal
DR-2026-1244,CMP-HYD-00244,ATM-HYD-0166,ATM-HYD-0285,2026-02-10 08:08:00,DISPATCHED_MISSED,2026-02-10 09:03:00,OFFICER_ARRIVED_POST_CASHOUT,0.0,1,v2.2-xgboost-conformal
DR-2026-1245,CMP-HYD-00245,ATM-HYD-0460,ATM-HYD-0092,2026-08-10 02:57:00,DISPATCHED_MISSED,2026-08-10 03:48:00,DIFFERENT_ATM_USED,0.0,1,v2.2-xgboost-conformal
DR-2026-1246,CMP-HYD-00246,ATM-HYD-0458,ATM-HYD-0458,2026-03-06 15:56:00,INTERCEPTED,2026-03-06 16:32:00,SUSPECT_APPREHENDED_AND_FUNDS_FROZEN,198550.34,0,v2.2-xgboost-conformal
DR-2026-1247,CMP-HYD-00247,ATM-HYD-0318,ATM-HYD-0318,2026-04-15 08:55:00,INTERCEPTED,2026-04-15 09:18:00,CASH_WITHDRAWAL_PREVENTED,134327.47,0,v2.2-xgboost-conformal
DR-2026-1248,CMP-HYD-00248,ATM-HYD-0381,ATM-HYD-0381,2026-06-15 19:02:00,INTERCEPTED,2026-06-15 19:57:00,SUSPECT_APPREHENDED_AND_FUNDS_FROZEN,13087.49,0,v2.2-xgboost-conformal
DR-2026-1249,CMP-HYD-00249,ATM-HYD-0206,ATM-HYD-0206,2026-01-03 12:59:00,INTERCEPTED,2026-01-03 13:25:00,CASH_WITHDRAWAL_PREVENTED,112009.93,0,v2.2-xgboost-conformal
DR-2026-1250,CMP-HYD-00250,ATM-HYD-0293,ATM-HYD-0293,2026-05-01 23:26:00,INTERCEPTED,2026-05-02 00:02:00,SUSPECT_APPREHENDED_AND_FUNDS_FROZEN,141174.95,0,v2.2-xgboost-conformal
DR-2026-1251,CMP-HYD-00251,ATM-HYD-0209,ATM-HYD-0386,2026-06-27 00:48:00,DISPATCHED_MISSED,2026-06-27 01:43:00,DIFFERENT_ATM_USED,0.0,1,v2.2-xgboost-conformal
DR-2026-1252,CMP-HYD-00252,ATM-HYD-0511,ATM-HYD-0511,2026-08-05 19:43:00,INTERCEPTED,2026-08-05 20:33:00,SUSPECT_APPREHENDED_AND_FUNDS_FROZEN,36867.29,0,v2.2-xgboost-conformal
DR-2026-1253,CMP-HYD-00253,ATM-HYD-0014,ATM-HYD-0104,2026-08-30 18:14:00,DISPATCHED_MISSED,2026-08-30 18:40:00,DIFFERENT_ATM_USED,0.0,1,v2.2-xgboost-conformal
DR-2026-1254,CMP-HYD-00254,ATM-HYD-0302,ATM-HYD-0302,2026-02-08 02:23:00,INTERCEPTED,2026-02-08 02:57:00,SUSPECT_APPREHENDED_AND_FUNDS_FROZEN,84588.1,0,v2.2-xgboost-conformal
DR-2026-1255,CMP-HYD-00255,ATM-HYD-0345,ATM-HYD-0345,2026-07-11 15:24:00,INTERCEPTED,2026-07-11 15:42:00,CASH_WITHDRAWAL_PREVENTED,84028.89,0,v2.2-xgboost-conformal
DR-2026-1256,CMP-HYD-00256,ATM-HYD-0118,ATM-HYD-0118,2026-08-21 07:23:00,INTERCEPTED,2026-08-21 07:53:00,SUSPECT_APPREHENDED_AND_FUNDS_FROZEN,140740.63,0,v2.2-xgboost-conformal
DR-2026-1257,CMP-HYD-00257,ATM-HYD-0236,ATM-HYD-0236,2026-01-16 01:21:00,INTERCEPTED,2026-01-16 01:47:00,CASH_WITHDRAWAL_PREVENTED,173190.14,0,v2.2-xgboost-conformal
DR-2026-1258,CMP-HYD-00258,ATM-HYD-0087,ATM-HYD-0087,2026-02-03 17:02:00,INTERCEPTED,2026-02-03 17:34:00,CASH_WITHDRAWAL_PREVENTED,87238.75,0,v2.2-xgboost-conformal
DR-2026-1259,CMP-HYD-00259,ATM-HYD-0461,ATM-HYD-0412,2026-08-12 08:47:00,DISPATCHED_MISSED,2026-08-12 09:32:00,OFFICER_ARRIVED_POST_CASHOUT,0.0,1,v2.2-xgboost-conformal
DR-2026-1260,CMP-HYD-00260,ATM-HYD-0187,ATM-HYD-0187,2026-08-07 21:40:00,INTERCEPTED,2026-08-07 22:29:00,CASH_WITHDRAWAL_PREVENTED,171509.11,0,v2.2-xgboost-conformal
DR-2026-1261,CMP-HYD-00261,ATM-HYD-0463,ATM-HYD-0316,2026-04-28 15:07:00,DISPATCHED_MISSED,2026-04-28 15:45:00,DIFFERENT_ATM_USED,0.0,1,v2.2-xgboost-conformal
DR-2026-1262,CMP-HYD-00262,ATM-HYD-0381,ATM-HYD-0132,2026-05-15 18:11:00,DISPATCHED_MISSED,2026-05-15 18:50:00,DIFFERENT_ATM_USED,0.0,1,v2.2-xgboost-conformal
DR-2026-1263,CMP-HYD-00263,ATM-HYD-0113,ATM-HYD-0113,2026-01-08 02:29:00,INTERCEPTED,2026-01-08 02:59:00,CASH_WITHDRAWAL_PREVENTED,37897.51,0,v2.2-xgboost-conformal
DR-2026-1264,CMP-HYD-00264,ATM-HYD-0399,ATM-HYD-0399,2026-02-24 01:51:00,INTERCEPTED,2026-02-24 02:09:00,CASH_WITHDRAWAL_PREVENTED,36448.86,0,v2.2-xgboost-conformal
DR-2026-1265,CMP-HYD-00265,ATM-HYD-0212,ATM-HYD-0212,2026-08-07 06:10:00,INTERCEPTED,2026-08-07 06:29:00,SUSPECT_APPREHENDED_AND_FUNDS_FROZEN,13620.57,0,v2.2-xgboost-conformal
DR-2026-1266,CMP-HYD-00266,ATM-HYD-0295,ATM-HYD-0295,2026-02-21 15:28:00,INTERCEPTED,2026-02-21 16:17:00,CASH_WITHDRAWAL_PREVENTED,193484.0,0,v2.2-xgboost-conformal
DR-2026-1267,CMP-HYD-00267,ATM-HYD-0394,ATM-HYD-0394,2026-06-15 21:45:00,INTERCEPTED,2026-06-15 22:39:00,CASH_WITHDRAWAL_PREVENTED,42707.38,0,v2.2-xgboost-conformal
DR-2026-1268,CMP-HYD-00268,ATM-HYD-0259,ATM-HYD-0259,2026-05-14 13:18:00,INTERCEPTED,2026-05-14 13:58:00,CASH_WITHDRAWAL_PREVENTED,48378.99,0,v2.2-xgboost-conformal
DR-2026-1269,CMP-HYD-00269,ATM-HYD-0439,ATM-HYD-0439,2026-01-30 23:42:00,INTERCEPTED,2026-01-31 00:02:00,SUSPECT_APPREHENDED_AND_FUNDS_FROZEN,14053.72,0,v2.2-xgboost-conformal
DR-2026-1270,CMP-HYD-00270,ATM-HYD-0240,ATM-HYD-0240,2026-02-17 02:47:00,INTERCEPTED,2026-02-17 03:19:00,SUSPECT_APPREHENDED_AND_FUNDS_FROZEN,49085.16,0,v2.2-xgboost-conformal
DR-2026-1271,CMP-HYD-00271,ATM-HYD-0094,ATM-HYD-0170,2026-03-19 19:52:00,DISPATCHED_MISSED,2026-03-19 20:19:00,DIFFERENT_ATM_USED,0.0,1,v2.2-xgboost-conformal
DR-2026-1272,CMP-HYD-00272,ATM-HYD-0065,ATM-HYD-0065,2026-02-23 15:41:00,INTERCEPTED,2026-02-23 16:04:00,CASH_WITHDRAWAL_PREVENTED,13202.78,0,v2.2-xgboost-conformal
DR-2026-1273,CMP-HYD-00273,ATM-HYD-0334,ATM-HYD-0334,2026-09-04 15:30:00,INTERCEPTED,2026-09-04 16:01:00,CASH_WITHDRAWAL_PREVENTED,143619.86,0,v2.2-xgboost-conformal
DR-2026-1274,CMP-HYD-00274,ATM-HYD-0010,ATM-HYD-0010,2026-03-16 01:31:00,INTERCEPTED,2026-03-16 02:19:00,SUSPECT_APPREHENDED_AND_FUNDS_FROZEN,192326.23,0,v2.2-xgboost-conformal
DR-2026-1275,CMP-HYD-00275,ATM-HYD-0298,ATM-HYD-0083,2026-08-16 15:07:00,DISPATCHED_MISSED,2026-08-16 15:39:00,DIFFERENT_ATM_USED,0.0,1,v2.2-xgboost-conformal
DR-2026-1276,CMP-HYD-00276,ATM-HYD-0443,ATM-HYD-0108,2026-02-03 09:46:00,DISPATCHED_MISSED,2026-02-03 10:26:00,OFFICER_ARRIVED_POST_CASHOUT,0.0,1,v2.2-xgboost-conformal
DR-2026-1277,CMP-HYD-00277,ATM-HYD-0246,ATM-HYD-0246,2026-02-14 06:10:00,INTERCEPTED,2026-02-14 06:28:00,SUSPECT_APPREHENDED_AND_FUNDS_FROZEN,41030.58,0,v2.2-xgboost-conformal
DR-2026-1278,CMP-HYD-00278,ATM-HYD-0429,ATM-HYD-0429,2026-07-26 02:21:00,INTERCEPTED,2026-07-26 03:09:00,CASH_WITHDRAWAL_PREVENTED,14304.25,0,v2.2-xgboost-conformal
DR-2026-1279,CMP-HYD-00279,ATM-HYD-0059,ATM-HYD-0346,2026-06-30 01:59:00,DISPATCHED_MISSED,2026-06-30 02:27:00,DIFFERENT_ATM_USED,0.0,1,v2.2-xgboost-conformal
DR-2026-1280,CMP-HYD-00280,ATM-HYD-0516,ATM-HYD-0516,2026-02-10 23:18:00,INTERCEPTED,2026-02-11 00:10:00,SUSPECT_APPREHENDED_AND_FUNDS_FROZEN,88507.55,0,v2.2-xgboost-conformal
DR-2026-1281,CMP-HYD-00281,ATM-HYD-0391,ATM-HYD-0391,2026-08-02 15:21:00,INTERCEPTED,2026-08-02 16:12:00,SUSPECT_APPREHENDED_AND_FUNDS_FROZEN,48785.11,0,v2.2-xgboost-conformal
DR-2026-1282,CMP-HYD-00282,ATM-HYD-0054,ATM-HYD-0054,2026-09-01 16:50:00,INTERCEPTED,2026-09-01 17:27:00,SUSPECT_APPREHENDED_AND_FUNDS_FROZEN,127936.22,0,v2.2-xgboost-conformal
DR-2026-1283,CMP-HYD-00283,ATM-HYD-0068,ATM-HYD-0068,2026-04-11 01:42:00,INTERCEPTED,2026-04-11 02:22:00,SUSPECT_APPREHENDED_AND_FUNDS_FROZEN,13288.02,0,v2.2-xgboost-conformal
DR-2026-1284,CMP-HYD-00284,ATM-HYD-0506,ATM-HYD-0127,2026-08-21 11:00:00,DISPATCHED_MISSED,2026-08-21 11:39:00,OFFICER_ARRIVED_POST_CASHOUT,0.0,1,v2.2-xgboost-conformal
DR-2026-1285,CMP-HYD-00285,ATM-HYD-0444,ATM-HYD-0444,2026-08-14 09:05:00,INTERCEPTED,2026-08-14 09:30:00,SUSPECT_APPREHENDED_AND_FUNDS_FROZEN,44106.64,0,v2.2-xgboost-conformal
DR-2026-1286,CMP-HYD-00286,ATM-HYD-0221,ATM-HYD-0221,2026-01-08 17:37:00,INTERCEPTED,2026-01-08 17:59:00,SUSPECT_APPREHENDED_AND_FUNDS_FROZEN,12786.3,0,v2.2-xgboost-conformal
DR-2026-1287,CMP-HYD-00287,ATM-HYD-0180,ATM-HYD-0180,2026-03-18 18:47:00,INTERCEPTED,2026-03-18 19:31:00,SUSPECT_APPREHENDED_AND_FUNDS_FROZEN,136778.78,0,v2.2-xgboost-conformal
DR-2026-1288,CMP-HYD-00288,ATM-HYD-0447,ATM-HYD-0447,2026-07-02 12:33:00,INTERCEPTED,2026-07-02 13:08:00,CASH_WITHDRAWAL_PREVENTED,37272.12,0,v2.2-xgboost-conformal
DR-2026-1289,CMP-HYD-00289,ATM-HYD-0461,ATM-HYD-0081,2026-02-24 14:04:00,DISPATCHED_MISSED,2026-02-24 14:59:00,OFFICER_ARRIVED_POST_CASHOUT,0.0,1,v2.2-xgboost-conformal
DR-2026-1290,CMP-HYD-00290,ATM-HYD-0230,ATM-HYD-0388,2026-05-10 04:31:00,DISPATCHED_MISSED,2026-05-10 04:59:00,DIFFERENT_ATM_USED,0.0,1,v2.2-xgboost-conformal
DR-2026-1291,CMP-HYD-00291,ATM-HYD-0468,ATM-HYD-0364,2026-01-29 03:23:00,DISPATCHED_MISSED,2026-01-29 04:02:00,OFFICER_ARRIVED_POST_CASHOUT,0.0,1,v2.2-xgboost-conformal
DR-2026-1292,CMP-HYD-00292,ATM-HYD-0436,ATM-HYD-0436,2026-02-25 05:52:00,INTERCEPTED,2026-02-25 06:29:00,SUSPECT_APPREHENDED_AND_FUNDS_FROZEN,73224.59,0,v2.2-xgboost-conformal
DR-2026-1293,CMP-HYD-00293,ATM-HYD-0431,ATM-HYD-0431,2026-07-15 04:32:00,INTERCEPTED,2026-07-15 04:49:00,SUSPECT_APPREHENDED_AND_FUNDS_FROZEN,41242.41,0,v2.2-xgboost-conformal
DR-2026-1294,CMP-HYD-00294,ATM-HYD-0310,ATM-HYD-0310,2026-09-03 21:56:00,INTERCEPTED,2026-09-03 22:16:00,CASH_WITHDRAWAL_PREVENTED,14225.92,0,v2.2-xgboost-conformal
DR-2026-1295,CMP-HYD-00295,ATM-HYD-0479,ATM-HYD-0479,2026-09-03 18:33:00,INTERCEPTED,2026-09-03 18:48:00,CASH_WITHDRAWAL_PREVENTED,13107.95,0,v2.2-xgboost-conformal
DR-2026-1296,CMP-HYD-00296,ATM-HYD-0387,ATM-HYD-0387,2026-01-22 17:38:00,INTERCEPTED,2026-01-22 18:04:00,CASH_WITHDRAWAL_PREVENTED,129461.4,0,v2.2-xgboost-conformal
DR-2026-1297,CMP-HYD-00297,ATM-HYD-0330,ATM-HYD-0024,2026-02-13 09:09:00,DISPATCHED_MISSED,2026-02-13 09:31:00,OFFICER_ARRIVED_POST_CASHOUT,0.0,1,v2.2-xgboost-conformal
DR-2026-1298,CMP-HYD-00298,ATM-HYD-0198,ATM-HYD-0198,2026-02-06 13:57:00,INTERCEPTED,2026-02-06 14:44:00,SUSPECT_APPREHENDED_AND_FUNDS_FROZEN,84173.07,0,v2.2-xgboost-conformal
DR-2026-1299,CMP-HYD-00299,ATM-HYD-0071,ATM-HYD-0071,2026-01-16 10:29:00,INTERCEPTED,2026-01-16 11:05:00,SUSPECT_APPREHENDED_AND_FUNDS_FROZEN,80890.49,0,v2.2-xgboost-conformal
DR-2026-1300,CMP-HYD-00300,ATM-HYD-0246,ATM-HYD-0246,2026-05-26 13:28:00,INTERCEPTED,2026-05-26 13:56:00,SUSPECT_APPREHENDED_AND_FUNDS_FROZEN,77035.47,0,v2.2-xgboost-conformal
DR-2026-1301,CMP-HYD-00301,ATM-HYD-0301,ATM-HYD-0301,2026-06-17 05:00:00,INTERCEPTED,2026-06-17 05:16:00,SUSPECT_APPREHENDED_AND_FUNDS_FROZEN,81964.37,0,v2.2-xgboost-conformal
DR-2026-1302,CMP-HYD-00302,ATM-HYD-0043,ATM-HYD-0043,2026-01-23 12:44:00,INTERCEPTED,2026-01-23 13:16:00,SUSPECT_APPREHENDED_AND_FUNDS_FROZEN,73740.0,0,v2.2-xgboost-conformal
DR-2026-1303,CMP-HYD-00303,ATM-HYD-0174,ATM-HYD-0174,2026-06-19 10:21:00,INTERCEPTED,2026-06-19 10:38:00,CASH_WITHDRAWAL_PREVENTED,46595.07,0,v2.2-xgboost-conformal
DR-2026-1304,CMP-HYD-00304,ATM-HYD-0297,ATM-HYD-0297,2026-05-18 02:50:00,INTERCEPTED,2026-05-18 03:09:00,SUSPECT_APPREHENDED_AND_FUNDS_FROZEN,107570.63,0,v2.2-xgboost-conformal
DR-2026-1305,CMP-HYD-00305,ATM-HYD-0501,ATM-HYD-0501,2026-04-29 11:59:00,INTERCEPTED,2026-04-29 12:24:00,SUSPECT_APPREHENDED_AND_FUNDS_FROZEN,21593.15,0,v2.2-xgboost-conformal
DR-2026-1306,CMP-HYD-00306,ATM-HYD-0013,ATM-HYD-0019,2026-03-13 15:57:00,DISPATCHED_MISSED,2026-03-13 16:43:00,OFFICER_ARRIVED_POST_CASHOUT,0.0,1,v2.2-xgboost-conformal
DR-2026-1307,CMP-HYD-00307,ATM-HYD-0488,ATM-HYD-0488,2026-01-17 18:08:00,INTERCEPTED,2026-01-17 18:27:00,SUSPECT_APPREHENDED_AND_FUNDS_FROZEN,37086.22,0,v2.2-xgboost-conformal
DR-2026-1308,CMP-HYD-00308,ATM-HYD-0466,ATM-HYD-0466,2026-08-29 13:41:00,INTERCEPTED,2026-08-29 14:12:00,SUSPECT_APPREHENDED_AND_FUNDS_FROZEN,12857.18,0,v2.2-xgboost-conformal
DR-2026-1309,CMP-HYD-00309,ATM-HYD-0181,ATM-HYD-0078,2026-03-13 13:34:00,DISPATCHED_MISSED,2026-03-13 13:51:00,OFFICER_ARRIVED_POST_CASHOUT,0.0,1,v2.2-xgboost-conformal
DR-2026-1310,CMP-HYD-00310,ATM-HYD-0336,ATM-HYD-0336,2026-01-17 20:40:00,INTERCEPTED,2026-01-17 21:07:00,CASH_WITHDRAWAL_PREVENTED,74835.86,0,v2.2-xgboost-conformal
DR-2026-1311,CMP-HYD-00311,ATM-HYD-0012,ATM-HYD-0272,2026-05-14 07:04:00,DISPATCHED_MISSED,2026-05-14 07:29:00,DIFFERENT_ATM_USED,0.0,1,v2.2-xgboost-conformal
DR-2026-1312,CMP-HYD-00312,ATM-HYD-0136,ATM-HYD-0136,2026-08-24 14:03:00,INTERCEPTED,2026-08-24 14:20:00,SUSPECT_APPREHENDED_AND_FUNDS_FROZEN,13476.35,0,v2.2-xgboost-conformal
DR-2026-1313,CMP-HYD-00313,ATM-HYD-0313,ATM-HYD-0313,2026-04-27 12:29:00,INTERCEPTED,2026-04-27 13:01:00,CASH_WITHDRAWAL_PREVENTED,13651.69,0,v2.2-xgboost-conformal
DR-2026-1314,CMP-HYD-00314,ATM-HYD-0135,ATM-HYD-0168,2026-08-20 18:08:00,DISPATCHED_MISSED,2026-08-20 18:38:00,OFFICER_ARRIVED_POST_CASHOUT,0.0,1,v2.2-xgboost-conformal
DR-2026-1315,CMP-HYD-00315,ATM-HYD-0032,ATM-HYD-0032,2026-05-30 17:49:00,INTERCEPTED,2026-05-30 18:27:00,SUSPECT_APPREHENDED_AND_FUNDS_FROZEN,74513.49,0,v2.2-xgboost-conformal
DR-2026-1316,CMP-HYD-00316,ATM-HYD-0368,ATM-HYD-0272,2026-03-30 06:12:00,DISPATCHED_MISSED,2026-03-30 06:34:00,DIFFERENT_ATM_USED,0.0,1,v2.2-xgboost-conformal
DR-2026-1317,CMP-HYD-00317,ATM-HYD-0465,ATM-HYD-0119,2026-03-26 05:06:00,DISPATCHED_MISSED,2026-03-26 05:53:00,DIFFERENT_ATM_USED,0.0,1,v2.2-xgboost-conformal
DR-2026-1318,CMP-HYD-00318,ATM-HYD-0179,ATM-HYD-0179,2026-02-22 12:11:00,INTERCEPTED,2026-02-22 13:05:00,CASH_WITHDRAWAL_PREVENTED,109357.87,0,v2.2-xgboost-conformal
DR-2026-1319,CMP-HYD-00319,ATM-HYD-0206,ATM-HYD-0206,2026-02-26 08:46:00,INTERCEPTED,2026-02-26 09:14:00,CASH_WITHDRAWAL_PREVENTED,37716.23,0,v2.2-xgboost-conformal
DR-2026-1320,CMP-HYD-00320,ATM-HYD-0513,ATM-HYD-0513,2026-03-20 14:15:00,INTERCEPTED,2026-03-20 14:55:00,SUSPECT_APPREHENDED_AND_FUNDS_FROZEN,46619.5,0,v2.2-xgboost-conformal
DR-2026-1321,CMP-HYD-00321,ATM-HYD-0276,ATM-HYD-0276,2026-05-17 12:44:00,INTERCEPTED,2026-05-17 13:05:00,SUSPECT_APPREHENDED_AND_FUNDS_FROZEN,48382.35,0,v2.2-xgboost-conformal
DR-2026-1322,CMP-HYD-00322,ATM-HYD-0170,ATM-HYD-0170,2026-08-06 16:37:00,INTERCEPTED,2026-08-06 17:23:00,SUSPECT_APPREHENDED_AND_FUNDS_FROZEN,36444.86,0,v2.2-xgboost-conformal
DR-2026-1323,CMP-HYD-00323,ATM-HYD-0163,ATM-HYD-0391,2026-06-27 15:45:00,DISPATCHED_MISSED,2026-06-27 16:29:00,DIFFERENT_ATM_USED,0.0,1,v2.2-xgboost-conformal
DR-2026-1324,CMP-HYD-00324,ATM-HYD-0337,ATM-HYD-0337,2026-08-28 11:16:00,INTERCEPTED,2026-08-28 11:50:00,SUSPECT_APPREHENDED_AND_FUNDS_FROZEN,39241.28,0,v2.2-xgboost-conformal
DR-2026-1325,CMP-HYD-00325,ATM-HYD-0281,ATM-HYD-0490,2026-03-23 08:24:00,DISPATCHED_MISSED,2026-03-23 09:10:00,OFFICER_ARRIVED_POST_CASHOUT,0.0,1,v2.2-xgboost-conformal
DR-2026-1326,CMP-HYD-00326,ATM-HYD-0362,ATM-HYD-0362,2026-01-10 17:12:00,INTERCEPTED,2026-01-10 17:37:00,SUSPECT_APPREHENDED_AND_FUNDS_FROZEN,89406.56,0,v2.2-xgboost-conformal
DR-2026-1327,CMP-HYD-00327,ATM-HYD-0010,ATM-HYD-0010,2026-07-30 11:50:00,INTERCEPTED,2026-07-30 12:35:00,SUSPECT_APPREHENDED_AND_FUNDS_FROZEN,75808.67,0,v2.2-xgboost-conformal
DR-2026-1328,CMP-HYD-00328,ATM-HYD-0018,ATM-HYD-0018,2026-05-13 18:50:00,INTERCEPTED,2026-05-13 19:25:00,CASH_WITHDRAWAL_PREVENTED,42711.81,0,v2.2-xgboost-conformal
DR-2026-1329,CMP-HYD-00329,ATM-HYD-0077,ATM-HYD-0311,2026-05-28 04:19:00,DISPATCHED_MISSED,2026-05-28 05:09:00,DIFFERENT_ATM_USED,0.0,1,v2.2-xgboost-conformal
DR-2026-1330,CMP-HYD-00330,ATM-HYD-0168,ATM-HYD-0168,2026-02-09 10:36:00,INTERCEPTED,2026-02-09 11:28:00,SUSPECT_APPREHENDED_AND_FUNDS_FROZEN,41045.68,0,v2.2-xgboost-conformal
DR-2026-1331,CMP-HYD-00331,ATM-HYD-0157,ATM-HYD-0507,2026-01-24 05:06:00,DISPATCHED_MISSED,2026-01-24 05:29:00,DIFFERENT_ATM_USED,0.0,1,v2.2-xgboost-conformal
DR-2026-1332,CMP-HYD-00332,ATM-HYD-0257,ATM-HYD-0257,2026-01-15 11:33:00,INTERCEPTED,2026-01-15 12:01:00,SUSPECT_APPREHENDED_AND_FUNDS_FROZEN,148434.97,0,v2.2-xgboost-conformal
DR-2026-1333,CMP-HYD-00333,ATM-HYD-0137,ATM-HYD-0022,2026-03-21 13:52:00,DISPATCHED_MISSED,2026-03-21 14:27:00,OFFICER_ARRIVED_POST_CASHOUT,0.0,1,v2.2-xgboost-conformal
DR-2026-1334,CMP-HYD-00334,ATM-HYD-0238,ATM-HYD-0238,2026-06-04 07:33:00,INTERCEPTED,2026-06-04 07:57:00,SUSPECT_APPREHENDED_AND_FUNDS_FROZEN,102988.56,0,v2.2-xgboost-conformal
DR-2026-1335,CMP-HYD-00335,ATM-HYD-0420,ATM-HYD-0328,2026-03-05 05:57:00,DISPATCHED_MISSED,2026-03-05 06:13:00,OFFICER_ARRIVED_POST_CASHOUT,0.0,1,v2.2-xgboost-conformal
DR-2026-1336,CMP-HYD-00336,ATM-HYD-0155,ATM-HYD-0155,2026-06-28 23:46:00,INTERCEPTED,2026-06-29 00:19:00,CASH_WITHDRAWAL_PREVENTED,24533.91,0,v2.2-xgboost-conformal
DR-2026-1337,CMP-HYD-00337,ATM-HYD-0298,ATM-HYD-0298,2026-04-29 00:04:00,INTERCEPTED,2026-04-29 00:33:00,CASH_WITHDRAWAL_PREVENTED,13519.39,0,v2.2-xgboost-conformal
DR-2026-1338,CMP-HYD-00338,ATM-HYD-0428,ATM-HYD-0428,2026-04-29 02:05:00,INTERCEPTED,2026-04-29 02:26:00,SUSPECT_APPREHENDED_AND_FUNDS_FROZEN,141657.55,0,v2.2-xgboost-conformal
DR-2026-1339,CMP-HYD-00339,ATM-HYD-0239,ATM-HYD-0343,2026-01-20 21:48:00,DISPATCHED_MISSED,2026-01-20 22:13:00,DIFFERENT_ATM_USED,0.0,1,v2.2-xgboost-conformal
DR-2026-1340,CMP-HYD-00340,ATM-HYD-0491,ATM-HYD-0491,2026-06-26 09:28:00,INTERCEPTED,2026-06-26 09:49:00,SUSPECT_APPREHENDED_AND_FUNDS_FROZEN,118242.84,0,v2.2-xgboost-conformal
DR-2026-1341,CMP-HYD-00341,ATM-HYD-0371,ATM-HYD-0401,2026-06-24 21:04:00,DISPATCHED_MISSED,2026-06-24 21:30:00,DIFFERENT_ATM_USED,0.0,1,v2.2-xgboost-conformal
DR-2026-1342,CMP-HYD-00342,ATM-HYD-0307,ATM-HYD-0315,2026-08-28 17:25:00,DISPATCHED_MISSED,2026-08-28 18:07:00,OFFICER_ARRIVED_POST_CASHOUT,0.0,1,v2.2-xgboost-conformal
DR-2026-1343,CMP-HYD-00343,ATM-HYD-0374,ATM-HYD-0374,2026-01-12 02:56:00,INTERCEPTED,2026-01-12 03:27:00,SUSPECT_APPREHENDED_AND_FUNDS_FROZEN,92702.37,0,v2.2-xgboost-conformal
DR-2026-1344,CMP-HYD-00344,ATM-HYD-0402,ATM-HYD-0402,2026-03-27 05:40:00,INTERCEPTED,2026-03-27 06:08:00,CASH_WITHDRAWAL_PREVENTED,36067.45,0,v2.2-xgboost-conformal
DR-2026-1345,CMP-HYD-00345,ATM-HYD-0330,ATM-HYD-0330,2026-06-07 03:19:00,INTERCEPTED,2026-06-07 03:39:00,SUSPECT_APPREHENDED_AND_FUNDS_FROZEN,14010.94,0,v2.2-xgboost-conformal
DR-2026-1346,CMP-HYD-00346,ATM-HYD-0096,ATM-HYD-0096,2026-07-09 10:08:00,INTERCEPTED,2026-07-09 10:55:00,SUSPECT_APPREHENDED_AND_FUNDS_FROZEN,147997.17,0,v2.2-xgboost-conformal
DR-2026-1347,CMP-HYD-00347,ATM-HYD-0397,ATM-HYD-0053,2026-07-25 21:44:00,DISPATCHED_MISSED,2026-07-25 22:23:00,OFFICER_ARRIVED_POST_CASHOUT,0.0,1,v2.2-xgboost-conformal
DR-2026-1348,CMP-HYD-00348,ATM-HYD-0438,ATM-HYD-0438,2026-01-24 05:37:00,INTERCEPTED,2026-01-24 06:09:00,SUSPECT_APPREHENDED_AND_FUNDS_FROZEN,40864.55,0,v2.2-xgboost-conformal
DR-2026-1349,CMP-HYD-00349,ATM-HYD-0107,ATM-HYD-0250,2026-09-05 20:12:00,DISPATCHED_MISSED,2026-09-05 20:56:00,DIFFERENT_ATM_USED,0.0,1,v2.2-xgboost-conformal
DR-2026-1350,CMP-HYD-00350,ATM-HYD-0072,ATM-HYD-0064,2026-04-20 02:48:00,DISPATCHED_MISSED,2026-04-20 03:13:00,DIFFERENT_ATM_USED,0.0,1,v2.2-xgboost-conformal
DR-2026-1351,CMP-HYD-00351,ATM-HYD-0005,ATM-HYD-0005,2026-08-23 06:00:00,INTERCEPTED,2026-08-23 06:40:00,CASH_WITHDRAWAL_PREVENTED,40624.95,0,v2.2-xgboost-conformal
DR-2026-1352,CMP-HYD-00352,ATM-HYD-0264,ATM-HYD-0264,2026-08-15 01:58:00,INTERCEPTED,2026-08-15 02:17:00,SUSPECT_APPREHENDED_AND_FUNDS_FROZEN,108401.03,0,v2.2-xgboost-conformal
DR-2026-1353,CMP-HYD-00353,ATM-HYD-0388,ATM-HYD-0388,2026-03-04 15:02:00,INTERCEPTED,2026-03-04 15:34:00,SUSPECT_APPREHENDED_AND_FUNDS_FROZEN,46200.73,0,v2.2-xgboost-conformal
DR-2026-1354,CMP-HYD-00354,ATM-HYD-0261,ATM-HYD-0261,2026-01-30 02:41:00,INTERCEPTED,2026-01-30 03:09:00,SUSPECT_APPREHENDED_AND_FUNDS_FROZEN,13638.51,0,v2.2-xgboost-conformal
DR-2026-1355,CMP-HYD-00355,ATM-HYD-0344,ATM-HYD-0307,2026-05-31 09:46:00,DISPATCHED_MISSED,2026-05-31 10:11:00,DIFFERENT_ATM_USED,0.0,1,v2.2-xgboost-conformal
DR-2026-1356,CMP-HYD-00356,ATM-HYD-0176,ATM-HYD-0176,2026-02-13 15:00:00,INTERCEPTED,2026-02-13 15:33:00,CASH_WITHDRAWAL_PREVENTED,13457.66,0,v2.2-xgboost-conformal
DR-2026-1357,CMP-HYD-00357,ATM-HYD-0349,ATM-HYD-0349,2026-05-26 06:11:00,INTERCEPTED,2026-05-26 06:49:00,SUSPECT_APPREHENDED_AND_FUNDS_FROZEN,145120.99,0,v2.2-xgboost-conformal
DR-2026-1358,CMP-HYD-00358,ATM-HYD-0153,ATM-HYD-0214,2026-01-17 10:01:00,DISPATCHED_MISSED,2026-01-17 10:45:00,DIFFERENT_ATM_USED,0.0,1,v2.2-xgboost-conformal
DR-2026-1359,CMP-HYD-00359,ATM-HYD-0172,ATM-HYD-0507,2026-09-04 08:59:00,DISPATCHED_MISSED,2026-09-04 09:36:00,OFFICER_ARRIVED_POST_CASHOUT,0.0,1,v2.2-xgboost-conformal
DR-2026-1360,CMP-HYD-00360,ATM-HYD-0249,ATM-HYD-0249,2026-07-26 03:00:00,INTERCEPTED,2026-07-26 03:46:00,CASH_WITHDRAWAL_PREVENTED,93418.68,0,v2.2-xgboost-conformal
DR-2026-1361,CMP-HYD-00361,ATM-HYD-0433,ATM-HYD-0433,2026-04-16 21:12:00,INTERCEPTED,2026-04-16 21:43:00,CASH_WITHDRAWAL_PREVENTED,198111.78,0,v2.2-xgboost-conformal
DR-2026-1362,CMP-HYD-00362,ATM-HYD-0315,ATM-HYD-0300,2026-03-31 13:59:00,DISPATCHED_MISSED,2026-03-31 14:20:00,DIFFERENT_ATM_USED,0.0,1,v2.2-xgboost-conformal
DR-2026-1363,CMP-HYD-00363,ATM-HYD-0337,ATM-HYD-0242,2026-02-13 14:07:00,DISPATCHED_MISSED,2026-02-13 14:29:00,OFFICER_ARRIVED_POST_CASHOUT,0.0,1,v2.2-xgboost-conformal
DR-2026-1364,CMP-HYD-00364,ATM-HYD-0238,ATM-HYD-0238,2026-02-26 23:16:00,INTERCEPTED,2026-02-26 23:56:00,SUSPECT_APPREHENDED_AND_FUNDS_FROZEN,81197.06,0,v2.2-xgboost-conformal
DR-2026-1365,CMP-HYD-00365,ATM-HYD-0254,ATM-HYD-0379,2026-06-14 10:24:00,DISPATCHED_MISSED,2026-06-14 10:45:00,OFFICER_ARRIVED_POST_CASHOUT,0.0,1,v2.2-xgboost-conformal
DR-2026-1366,CMP-HYD-00366,ATM-HYD-0038,ATM-HYD-0271,2026-07-09 18:59:00,DISPATCHED_MISSED,2026-07-09 19:52:00,OFFICER_ARRIVED_POST_CASHOUT,0.0,1,v2.2-xgboost-conformal
DR-2026-1367,CMP-HYD-00367,ATM-HYD-0016,ATM-HYD-0016,2026-03-23 11:51:00,INTERCEPTED,2026-03-23 12:06:00,SUSPECT_APPREHENDED_AND_FUNDS_FROZEN,112062.12,0,v2.2-xgboost-conformal
DR-2026-1368,CMP-HYD-00368,ATM-HYD-0227,ATM-HYD-0227,2026-06-24 14:09:00,INTERCEPTED,2026-06-24 14:46:00,SUSPECT_APPREHENDED_AND_FUNDS_FROZEN,143583.62,0,v2.2-xgboost-conformal
DR-2026-1369,CMP-HYD-00369,ATM-HYD-0265,ATM-HYD-0265,2026-05-07 09:45:00,INTERCEPTED,2026-05-07 10:38:00,SUSPECT_APPREHENDED_AND_FUNDS_FROZEN,45459.61,0,v2.2-xgboost-conformal
DR-2026-1370,CMP-HYD-00370,ATM-HYD-0413,ATM-HYD-0413,2026-01-06 17:25:00,INTERCEPTED,2026-01-06 18:11:00,SUSPECT_APPREHENDED_AND_FUNDS_FROZEN,38537.64,0,v2.2-xgboost-conformal
DR-2026-1371,CMP-HYD-00371,ATM-HYD-0342,ATM-HYD-0284,2026-08-06 22:19:00,DISPATCHED_MISSED,2026-08-06 22:41:00,OFFICER_ARRIVED_POST_CASHOUT,0.0,1,v2.2-xgboost-conformal
DR-2026-1372,CMP-HYD-00372,ATM-HYD-0060,ATM-HYD-0060,2026-09-01 13:43:00,INTERCEPTED,2026-09-01 14:17:00,SUSPECT_APPREHENDED_AND_FUNDS_FROZEN,115212.54,0,v2.2-xgboost-conformal
DR-2026-1373,CMP-HYD-00373,ATM-HYD-0177,ATM-HYD-0055,2026-03-03 12:31:00,DISPATCHED_MISSED,2026-03-03 12:47:00,DIFFERENT_ATM_USED,0.0,1,v2.2-xgboost-conformal
DR-2026-1374,CMP-HYD-00374,ATM-HYD-0241,ATM-HYD-0241,2026-01-31 03:05:00,INTERCEPTED,2026-01-31 04:00:00,CASH_WITHDRAWAL_PREVENTED,12986.95,0,v2.2-xgboost-conformal
DR-2026-1375,CMP-HYD-00375,ATM-HYD-0114,ATM-HYD-0114,2026-05-27 04:06:00,INTERCEPTED,2026-05-27 04:39:00,CASH_WITHDRAWAL_PREVENTED,81481.91,0,v2.2-xgboost-conformal
DR-2026-1376,CMP-HYD-00376,ATM-HYD-0220,ATM-HYD-0220,2026-09-05 21:57:00,INTERCEPTED,2026-09-05 22:34:00,SUSPECT_APPREHENDED_AND_FUNDS_FROZEN,42538.57,0,v2.2-xgboost-conformal
DR-2026-1377,CMP-HYD-00377,ATM-HYD-0506,ATM-HYD-0506,2026-09-08 03:32:00,INTERCEPTED,2026-09-08 04:02:00,SUSPECT_APPREHENDED_AND_FUNDS_FROZEN,22602.28,0,v2.2-xgboost-conformal
DR-2026-1378,CMP-HYD-00378,ATM-HYD-0162,ATM-HYD-0096,2026-08-22 11:38:00,DISPATCHED_MISSED,2026-08-22 12:21:00,DIFFERENT_ATM_USED,0.0,1,v2.2-xgboost-conformal
DR-2026-1379,CMP-HYD-00379,ATM-HYD-0401,ATM-HYD-0276,2026-07-06 19:27:00,DISPATCHED_MISSED,2026-07-06 20:05:00,OFFICER_ARRIVED_POST_CASHOUT,0.0,1,v2.2-xgboost-conformal
DR-2026-1380,CMP-HYD-00380,ATM-HYD-0263,ATM-HYD-0263,2026-07-02 11:36:00,INTERCEPTED,2026-07-02 11:55:00,CASH_WITHDRAWAL_PREVENTED,45304.52,0,v2.2-xgboost-conformal
DR-2026-1381,CMP-HYD-00381,ATM-HYD-0136,ATM-HYD-0083,2026-06-25 17:26:00,DISPATCHED_MISSED,2026-06-25 17:51:00,OFFICER_ARRIVED_POST_CASHOUT,0.0,1,v2.2-xgboost-conformal
DR-2026-1382,CMP-HYD-00382,ATM-HYD-0287,ATM-HYD-0287,2026-07-20 03:11:00,INTERCEPTED,2026-07-20 04:06:00,SUSPECT_APPREHENDED_AND_FUNDS_FROZEN,23810.2,0,v2.2-xgboost-conformal
DR-2026-1383,CMP-HYD-00383,ATM-HYD-0435,ATM-HYD-0079,2026-02-16 11:51:00,DISPATCHED_MISSED,2026-02-16 12:11:00,OFFICER_ARRIVED_POST_CASHOUT,0.0,1,v2.2-xgboost-conformal
DR-2026-1384,CMP-HYD-00384,ATM-HYD-0346,ATM-HYD-0346,2026-05-26 23:17:00,INTERCEPTED,2026-05-26 23:36:00,SUSPECT_APPREHENDED_AND_FUNDS_FROZEN,112616.42,0,v2.2-xgboost-conformal
DR-2026-1385,CMP-HYD-00385,ATM-HYD-0216,ATM-HYD-0496,2026-03-12 13:33:00,DISPATCHED_MISSED,2026-03-12 14:09:00,DIFFERENT_ATM_USED,0.0,1,v2.2-xgboost-conformal
DR-2026-1386,CMP-HYD-00386,ATM-HYD-0430,ATM-HYD-0430,2026-05-28 01:05:00,INTERCEPTED,2026-05-28 01:42:00,SUSPECT_APPREHENDED_AND_FUNDS_FROZEN,36663.13,0,v2.2-xgboost-conformal
DR-2026-1387,CMP-HYD-00387,ATM-HYD-0510,ATM-HYD-0104,2026-04-14 00:39:00,DISPATCHED_MISSED,2026-04-14 01:12:00,OFFICER_ARRIVED_POST_CASHOUT,0.0,1,v2.2-xgboost-conformal
DR-2026-1388,CMP-HYD-00388,ATM-HYD-0359,ATM-HYD-0359,2026-02-14 02:23:00,INTERCEPTED,2026-02-14 02:53:00,SUSPECT_APPREHENDED_AND_FUNDS_FROZEN,46412.39,0,v2.2-xgboost-conformal
DR-2026-1389,CMP-HYD-00389,ATM-HYD-0230,ATM-HYD-0050,2026-07-08 20:36:00,DISPATCHED_MISSED,2026-07-08 21:10:00,OFFICER_ARRIVED_POST_CASHOUT,0.0,1,v2.2-xgboost-conformal
DR-2026-1390,CMP-HYD-00390,ATM-HYD-0369,ATM-HYD-0227,2026-04-01 03:00:00,DISPATCHED_MISSED,2026-04-01 03:29:00,DIFFERENT_ATM_USED,0.0,1,v2.2-xgboost-conformal
DR-2026-1391,CMP-HYD-00391,ATM-HYD-0029,ATM-HYD-0029,2026-02-27 15:25:00,INTERCEPTED,2026-02-27 16:05:00,SUSPECT_APPREHENDED_AND_FUNDS_FROZEN,76072.33,0,v2.2-xgboost-conformal
DR-2026-1392,CMP-HYD-00392,ATM-HYD-0411,ATM-HYD-0411,2026-01-29 06:18:00,INTERCEPTED,2026-01-29 07:05:00,CASH_WITHDRAWAL_PREVENTED,46392.51,0,v2.2-xgboost-conformal
DR-2026-1393,CMP-HYD-00393,ATM-HYD-0396,ATM-HYD-0230,2026-07-12 12:32:00,DISPATCHED_MISSED,2026-07-12 12:52:00,OFFICER_ARRIVED_POST_CASHOUT,0.0,1,v2.2-xgboost-conformal
DR-2026-1394,CMP-HYD-00394,ATM-HYD-0330,ATM-HYD-0330,2026-04-20 19:47:00,INTERCEPTED,2026-04-20 20:16:00,CASH_WITHDRAWAL_PREVENTED,90181.92,0,v2.2-xgboost-conformal
DR-2026-1395,CMP-HYD-00395,ATM-HYD-0458,ATM-HYD-0255,2026-06-20 13:12:00,DISPATCHED_MISSED,2026-06-20 13:44:00,OFFICER_ARRIVED_POST_CASHOUT,0.0,1,v2.2-xgboost-conformal
DR-2026-1396,CMP-HYD-00396,ATM-HYD-0128,ATM-HYD-0128,2026-08-26 04:27:00,INTERCEPTED,2026-08-26 05:21:00,SUSPECT_APPREHENDED_AND_FUNDS_FROZEN,42713.71,0,v2.2-xgboost-conformal
DR-2026-1397,CMP-HYD-00397,ATM-HYD-0088,ATM-HYD-0088,2026-03-19 03:17:00,INTERCEPTED,2026-03-19 03:53:00,SUSPECT_APPREHENDED_AND_FUNDS_FROZEN,13094.6,0,v2.2-xgboost-conformal
DR-2026-1398,CMP-HYD-00398,ATM-HYD-0133,ATM-HYD-0509,2026-04-21 05:16:00,DISPATCHED_MISSED,2026-04-21 06:00:00,DIFFERENT_ATM_USED,0.0,1,v2.2-xgboost-conformal
DR-2026-1399,CMP-HYD-00399,ATM-HYD-0042,ATM-HYD-0074,2026-03-02 20:17:00,DISPATCHED_MISSED,2026-03-02 20:37:00,DIFFERENT_ATM_USED,0.0,1,v2.2-xgboost-conformal
DR-2026-1400,CMP-HYD-00400,ATM-HYD-0424,ATM-HYD-0424,2026-03-19 23:30:00,INTERCEPTED,2026-03-20 00:12:00,SUSPECT_APPREHENDED_AND_FUNDS_FROZEN,87204.21,0,v2.2-xgboost-conformal
DR-2026-1401,CMP-HYD-00401,ATM-HYD-0396,ATM-HYD-0396,2026-05-04 13:33:00,INTERCEPTED,2026-05-04 14:05:00,SUSPECT_APPREHENDED_AND_FUNDS_FROZEN,24257.84,0,v2.2-xgboost-conformal
DR-2026-1402,CMP-HYD-00402,ATM-HYD-0002,ATM-HYD-0002,2026-02-12 14:48:00,INTERCEPTED,2026-02-12 15:33:00,SUSPECT_APPREHENDED_AND_FUNDS_FROZEN,22329.23,0,v2.2-xgboost-conformal
DR-2026-1403,CMP-HYD-00403,ATM-HYD-0020,ATM-HYD-0020,2026-03-19 07:18:00,INTERCEPTED,2026-03-19 07:35:00,SUSPECT_APPREHENDED_AND_FUNDS_FROZEN,73631.35,0,v2.2-xgboost-conformal
DR-2026-1404,CMP-HYD-00404,ATM-HYD-0268,ATM-HYD-0268,2026-05-17 03:00:00,INTERCEPTED,2026-05-17 03:36:00,SUSPECT_APPREHENDED_AND_FUNDS_FROZEN,43496.68,0,v2.2-xgboost-conformal
DR-2026-1405,CMP-HYD-00405,ATM-HYD-0454,ATM-HYD-0263,2026-02-26 23:17:00,DISPATCHED_MISSED,2026-02-27 00:00:00,DIFFERENT_ATM_USED,0.0,1,v2.2-xgboost-conformal
DR-2026-1406,CMP-HYD-00406,ATM-HYD-0252,ATM-HYD-0190,2026-03-10 06:37:00,DISPATCHED_MISSED,2026-03-10 07:15:00,DIFFERENT_ATM_USED,0.0,1,v2.2-xgboost-conformal
DR-2026-1407,CMP-HYD-00407,ATM-HYD-0432,ATM-HYD-0432,2026-05-26 15:46:00,INTERCEPTED,2026-05-26 16:03:00,SUSPECT_APPREHENDED_AND_FUNDS_FROZEN,43319.86,0,v2.2-xgboost-conformal
DR-2026-1408,CMP-HYD-00408,ATM-HYD-0450,ATM-HYD-0450,2026-07-05 16:08:00,INTERCEPTED,2026-07-05 16:33:00,SUSPECT_APPREHENDED_AND_FUNDS_FROZEN,22381.09,0,v2.2-xgboost-conformal
DR-2026-1409,CMP-HYD-00409,ATM-HYD-0131,ATM-HYD-0437,2026-07-22 00:50:00,DISPATCHED_MISSED,2026-07-22 01:05:00,OFFICER_ARRIVED_POST_CASHOUT,0.0,1,v2.2-xgboost-conformal
DR-2026-1410,CMP-HYD-00410,ATM-HYD-0339,ATM-HYD-0339,2026-06-27 08:40:00,INTERCEPTED,2026-06-27 09:26:00,CASH_WITHDRAWAL_PREVENTED,191370.97,0,v2.2-xgboost-conformal
DR-2026-1411,CMP-HYD-00411,ATM-HYD-0320,ATM-HYD-0320,2026-06-17 09:14:00,INTERCEPTED,2026-06-17 09:34:00,CASH_WITHDRAWAL_PREVENTED,91556.58,0,v2.2-xgboost-conformal
DR-2026-1412,CMP-HYD-00412,ATM-HYD-0437,ATM-HYD-0437,2026-08-18 01:38:00,INTERCEPTED,2026-08-18 02:12:00,SUSPECT_APPREHENDED_AND_FUNDS_FROZEN,24402.89,0,v2.2-xgboost-conformal
DR-2026-1413,CMP-HYD-00413,ATM-HYD-0001,ATM-HYD-0393,2026-08-27 08:51:00,DISPATCHED_MISSED,2026-08-27 09:43:00,OFFICER_ARRIVED_POST_CASHOUT,0.0,1,v2.2-xgboost-conformal
DR-2026-1414,CMP-HYD-00414,ATM-HYD-0508,ATM-HYD-0508,2026-01-29 18:27:00,INTERCEPTED,2026-01-29 19:16:00,SUSPECT_APPREHENDED_AND_FUNDS_FROZEN,24053.59,0,v2.2-xgboost-conformal
DR-2026-1415,CMP-HYD-00415,ATM-HYD-0111,ATM-HYD-0111,2026-04-09 13:35:00,INTERCEPTED,2026-04-09 14:10:00,CASH_WITHDRAWAL_PREVENTED,42624.08,0,v2.2-xgboost-conformal
DR-2026-1416,CMP-HYD-00416,ATM-HYD-0181,ATM-HYD-0040,2026-05-23 15:08:00,DISPATCHED_MISSED,2026-05-23 15:38:00,DIFFERENT_ATM_USED,0.0,1,v2.2-xgboost-conformal
DR-2026-1417,CMP-HYD-00417,ATM-HYD-0239,ATM-HYD-0239,2026-09-04 22:45:00,INTERCEPTED,2026-09-04 23:10:00,SUSPECT_APPREHENDED_AND_FUNDS_FROZEN,22516.06,0,v2.2-xgboost-conformal
DR-2026-1418,CMP-HYD-00418,ATM-HYD-0114,ATM-HYD-0114,2026-01-21 07:04:00,INTERCEPTED,2026-01-21 07:46:00,SUSPECT_APPREHENDED_AND_FUNDS_FROZEN,38510.7,0,v2.2-xgboost-conformal
DR-2026-1419,CMP-HYD-00419,ATM-HYD-0462,ATM-HYD-0462,2026-01-29 04:03:00,INTERCEPTED,2026-01-29 04:37:00,CASH_WITHDRAWAL_PREVENTED,75658.56,0,v2.2-xgboost-conformal
DR-2026-1420,CMP-HYD-00420,ATM-HYD-0400,ATM-HYD-0054,2026-03-11 02:33:00,DISPATCHED_MISSED,2026-03-11 03:23:00,OFFICER_ARRIVED_POST_CASHOUT,0.0,1,v2.2-xgboost-conformal
DR-2026-1421,CMP-HYD-00421,ATM-HYD-0228,ATM-HYD-0228,2026-02-12 01:51:00,INTERCEPTED,2026-02-12 02:08:00,SUSPECT_APPREHENDED_AND_FUNDS_FROZEN,113287.36,0,v2.2-xgboost-conformal
DR-2026-1422,CMP-HYD-00422,ATM-HYD-0279,ATM-HYD-0279,2026-07-13 09:12:00,INTERCEPTED,2026-07-13 09:42:00,CASH_WITHDRAWAL_PREVENTED,14221.95,0,v2.2-xgboost-conformal
DR-2026-1423,CMP-HYD-00423,ATM-HYD-0404,ATM-HYD-0404,2026-07-12 09:25:00,INTERCEPTED,2026-07-12 09:43:00,CASH_WITHDRAWAL_PREVENTED,88997.6,0,v2.2-xgboost-conformal
DR-2026-1424,CMP-HYD-00424,ATM-HYD-0064,ATM-HYD-0064,2026-05-03 18:55:00,INTERCEPTED,2026-05-03 19:37:00,CASH_WITHDRAWAL_PREVENTED,102081.42,0,v2.2-xgboost-conformal
DR-2026-1425,CMP-HYD-00425,ATM-HYD-0370,ATM-HYD-0370,2026-08-27 10:28:00,INTERCEPTED,2026-08-27 11:07:00,SUSPECT_APPREHENDED_AND_FUNDS_FROZEN,172827.18,0,v2.2-xgboost-conformal
DR-2026-1426,CMP-HYD-00426,ATM-HYD-0484,ATM-HYD-0484,2026-01-25 00:09:00,INTERCEPTED,2026-01-25 00:46:00,CASH_WITHDRAWAL_PREVENTED,141989.99,0,v2.2-xgboost-conformal
DR-2026-1427,CMP-HYD-00427,ATM-HYD-0245,ATM-HYD-0307,2026-02-15 22:49:00,DISPATCHED_MISSED,2026-02-15 23:39:00,DIFFERENT_ATM_USED,0.0,1,v2.2-xgboost-conformal
DR-2026-1428,CMP-HYD-00428,ATM-HYD-0261,ATM-HYD-0261,2026-04-23 11:32:00,INTERCEPTED,2026-04-23 12:23:00,CASH_WITHDRAWAL_PREVENTED,40677.29,0,v2.2-xgboost-conformal
DR-2026-1429,CMP-HYD-00429,ATM-HYD-0471,ATM-HYD-0032,2026-03-16 12:10:00,DISPATCHED_MISSED,2026-03-16 12:51:00,OFFICER_ARRIVED_POST_CASHOUT,0.0,1,v2.2-xgboost-conformal
DR-2026-1430,CMP-HYD-00430,ATM-HYD-0417,ATM-HYD-0417,2026-02-21 12:21:00,INTERCEPTED,2026-02-21 12:54:00,SUSPECT_APPREHENDED_AND_FUNDS_FROZEN,103254.54,0,v2.2-xgboost-conformal
DR-2026-1431,CMP-HYD-00431,ATM-HYD-0361,ATM-HYD-0361,2026-06-03 12:03:00,INTERCEPTED,2026-06-03 12:47:00,SUSPECT_APPREHENDED_AND_FUNDS_FROZEN,14627.4,0,v2.2-xgboost-conformal
DR-2026-1432,CMP-HYD-00432,ATM-HYD-0399,ATM-HYD-0399,2026-04-14 02:19:00,INTERCEPTED,2026-04-14 02:58:00,SUSPECT_APPREHENDED_AND_FUNDS_FROZEN,84815.86,0,v2.2-xgboost-conformal
DR-2026-1433,CMP-HYD-00433,ATM-HYD-0262,ATM-HYD-0262,2026-05-02 17:44:00,INTERCEPTED,2026-05-02 18:19:00,CASH_WITHDRAWAL_PREVENTED,130252.93,0,v2.2-xgboost-conformal
DR-2026-1434,CMP-HYD-00434,ATM-HYD-0245,ATM-HYD-0245,2026-06-20 23:47:00,INTERCEPTED,2026-06-21 00:35:00,SUSPECT_APPREHENDED_AND_FUNDS_FROZEN,84718.13,0,v2.2-xgboost-conformal
DR-2026-1435,CMP-HYD-00435,ATM-HYD-0251,ATM-HYD-0251,2026-06-13 18:06:00,INTERCEPTED,2026-06-13 18:31:00,SUSPECT_APPREHENDED_AND_FUNDS_FROZEN,146909.22,0,v2.2-xgboost-conformal
DR-2026-1436,CMP-HYD-00436,ATM-HYD-0142,ATM-HYD-0142,2026-07-28 11:01:00,INTERCEPTED,2026-07-28 11:45:00,SUSPECT_APPREHENDED_AND_FUNDS_FROZEN,89227.96,0,v2.2-xgboost-conformal
DR-2026-1437,CMP-HYD-00437,ATM-HYD-0227,ATM-HYD-0227,2026-08-26 05:29:00,INTERCEPTED,2026-08-26 05:58:00,SUSPECT_APPREHENDED_AND_FUNDS_FROZEN,24186.2,0,v2.2-xgboost-conformal
DR-2026-1438,CMP-HYD-00438,ATM-HYD-0073,ATM-HYD-0073,2026-07-26 03:05:00,INTERCEPTED,2026-07-26 03:58:00,CASH_WITHDRAWAL_PREVENTED,22941.51,0,v2.2-xgboost-conformal
DR-2026-1439,CMP-HYD-00439,ATM-HYD-0236,ATM-HYD-0008,2026-04-08 03:12:00,DISPATCHED_MISSED,2026-04-08 03:31:00,DIFFERENT_ATM_USED,0.0,1,v2.2-xgboost-conformal
DR-2026-1440,CMP-HYD-00440,ATM-HYD-0123,ATM-HYD-0123,2026-03-20 13:43:00,INTERCEPTED,2026-03-20 14:15:00,SUSPECT_APPREHENDED_AND_FUNDS_FROZEN,83320.27,0,v2.2-xgboost-conformal
DR-2026-1441,CMP-HYD-00441,ATM-HYD-0230,ATM-HYD-0230,2026-05-23 12:12:00,INTERCEPTED,2026-05-23 12:59:00,SUSPECT_APPREHENDED_AND_FUNDS_FROZEN,49764.07,0,v2.2-xgboost-conformal
DR-2026-1442,CMP-HYD-00442,ATM-HYD-0366,ATM-HYD-0067,2026-05-10 03:40:00,DISPATCHED_MISSED,2026-05-10 04:26:00,DIFFERENT_ATM_USED,0.0,1,v2.2-xgboost-conformal
DR-2026-1443,CMP-HYD-00443,ATM-HYD-0165,ATM-HYD-0165,2026-01-08 19:45:00,INTERCEPTED,2026-01-08 20:16:00,CASH_WITHDRAWAL_PREVENTED,38060.76,0,v2.2-xgboost-conformal
DR-2026-1444,CMP-HYD-00444,ATM-HYD-0439,ATM-HYD-0117,2026-08-04 07:46:00,DISPATCHED_MISSED,2026-08-04 08:15:00,OFFICER_ARRIVED_POST_CASHOUT,0.0,1,v2.2-xgboost-conformal
DR-2026-1445,CMP-HYD-00445,ATM-HYD-0428,ATM-HYD-0428,2026-03-14 08:57:00,INTERCEPTED,2026-03-14 09:29:00,SUSPECT_APPREHENDED_AND_FUNDS_FROZEN,36484.41,0,v2.2-xgboost-conformal
DR-2026-1446,CMP-HYD-00446,ATM-HYD-0436,ATM-HYD-0436,2026-04-07 10:40:00,INTERCEPTED,2026-04-07 11:08:00,CASH_WITHDRAWAL_PREVENTED,106915.53,0,v2.2-xgboost-conformal
DR-2026-1447,CMP-HYD-00447,ATM-HYD-0335,ATM-HYD-0335,2026-01-02 05:33:00,INTERCEPTED,2026-01-02 05:49:00,CASH_WITHDRAWAL_PREVENTED,198893.91,0,v2.2-xgboost-conformal
DR-2026-1448,CMP-HYD-00448,ATM-HYD-0378,ATM-HYD-0378,2026-01-22 23:44:00,INTERCEPTED,2026-01-23 00:11:00,SUSPECT_APPREHENDED_AND_FUNDS_FROZEN,46417.57,0,v2.2-xgboost-conformal
DR-2026-1449,CMP-HYD-00449,ATM-HYD-0304,ATM-HYD-0233,2026-02-20 21:54:00,DISPATCHED_MISSED,2026-02-20 22:43:00,DIFFERENT_ATM_USED,0.0,1,v2.2-xgboost-conformal
DR-2026-1450,CMP-HYD-00450,ATM-HYD-0314,ATM-HYD-0314,2026-06-05 12:27:00,INTERCEPTED,2026-06-05 12:56:00,CASH_WITHDRAWAL_PREVENTED,23795.22,0,v2.2-xgboost-conformal
DR-2026-1451,CMP-HYD-00451,ATM-HYD-0439,ATM-HYD-0205,2026-04-12 00:07:00,DISPATCHED_MISSED,2026-04-12 00:26:00,OFFICER_ARRIVED_POST_CASHOUT,0.0,1,v2.2-xgboost-conformal
DR-2026-1452,CMP-HYD-00452,ATM-HYD-0374,ATM-HYD-0374,2026-04-30 18:50:00,INTERCEPTED,2026-04-30 19:44:00,SUSPECT_APPREHENDED_AND_FUNDS_FROZEN,46892.24,0,v2.2-xgboost-conformal
DR-2026-1453,CMP-HYD-00453,ATM-HYD-0021,ATM-HYD-0021,2026-07-28 10:12:00,INTERCEPTED,2026-07-28 10:29:00,SUSPECT_APPREHENDED_AND_FUNDS_FROZEN,88437.38,0,v2.2-xgboost-conformal
DR-2026-1454,CMP-HYD-00454,ATM-HYD-0031,ATM-HYD-0031,2026-06-14 18:00:00,INTERCEPTED,2026-06-14 18:51:00,SUSPECT_APPREHENDED_AND_FUNDS_FROZEN,14137.5,0,v2.2-xgboost-conformal
DR-2026-1455,CMP-HYD-00455,ATM-HYD-0214,ATM-HYD-0342,2026-03-23 11:25:00,DISPATCHED_MISSED,2026-03-23 12:12:00,DIFFERENT_ATM_USED,0.0,1,v2.2-xgboost-conformal
DR-2026-1456,CMP-HYD-00456,ATM-HYD-0298,ATM-HYD-0298,2026-01-27 10:55:00,INTERCEPTED,2026-01-27 11:11:00,CASH_WITHDRAWAL_PREVENTED,39824.15,0,v2.2-xgboost-conformal
DR-2026-1457,CMP-HYD-00457,ATM-HYD-0432,ATM-HYD-0432,2026-08-31 09:04:00,INTERCEPTED,2026-08-31 09:25:00,SUSPECT_APPREHENDED_AND_FUNDS_FROZEN,12865.81,0,v2.2-xgboost-conformal
DR-2026-1458,CMP-HYD-00458,ATM-HYD-0269,ATM-HYD-0269,2026-06-13 14:42:00,INTERCEPTED,2026-06-13 15:32:00,SUSPECT_APPREHENDED_AND_FUNDS_FROZEN,105759.8,0,v2.2-xgboost-conformal
DR-2026-1459,CMP-HYD-00459,ATM-HYD-0304,ATM-HYD-0304,2026-05-23 07:42:00,INTERCEPTED,2026-05-23 08:11:00,CASH_WITHDRAWAL_PREVENTED,83975.86,0,v2.2-xgboost-conformal
DR-2026-1460,CMP-HYD-00460,ATM-HYD-0448,ATM-HYD-0185,2026-05-12 10:48:00,DISPATCHED_MISSED,2026-05-12 11:11:00,OFFICER_ARRIVED_POST_CASHOUT,0.0,1,v2.2-xgboost-conformal
DR-2026-1461,CMP-HYD-00461,ATM-HYD-0270,ATM-HYD-0270,2026-03-13 13:10:00,INTERCEPTED,2026-03-13 13:56:00,SUSPECT_APPREHENDED_AND_FUNDS_FROZEN,22801.64,0,v2.2-xgboost-conformal
DR-2026-1462,CMP-HYD-00462,ATM-HYD-0375,ATM-HYD-0375,2026-04-01 08:07:00,INTERCEPTED,2026-04-01 08:56:00,SUSPECT_APPREHENDED_AND_FUNDS_FROZEN,130190.74,0,v2.2-xgboost-conformal
DR-2026-1463,CMP-HYD-00463,ATM-HYD-0492,ATM-HYD-0492,2026-03-17 06:25:00,INTERCEPTED,2026-03-17 07:06:00,SUSPECT_APPREHENDED_AND_FUNDS_FROZEN,48326.25,0,v2.2-xgboost-conformal
DR-2026-1464,CMP-HYD-00464,ATM-HYD-0016,ATM-HYD-0016,2026-01-17 17:06:00,INTERCEPTED,2026-01-17 17:58:00,SUSPECT_APPREHENDED_AND_FUNDS_FROZEN,47091.53,0,v2.2-xgboost-conformal
DR-2026-1465,CMP-HYD-00465,ATM-HYD-0178,ATM-HYD-0178,2026-07-07 00:06:00,INTERCEPTED,2026-07-07 00:54:00,SUSPECT_APPREHENDED_AND_FUNDS_FROZEN,74475.01,0,v2.2-xgboost-conformal
DR-2026-1466,CMP-HYD-00466,ATM-HYD-0199,ATM-HYD-0199,2026-06-20 15:27:00,INTERCEPTED,2026-06-20 15:55:00,SUSPECT_APPREHENDED_AND_FUNDS_FROZEN,13089.12,0,v2.2-xgboost-conformal
DR-2026-1467,CMP-HYD-00467,ATM-HYD-0497,ATM-HYD-0497,2026-01-12 00:36:00,INTERCEPTED,2026-01-12 01:09:00,SUSPECT_APPREHENDED_AND_FUNDS_FROZEN,24325.92,0,v2.2-xgboost-conformal
DR-2026-1468,CMP-HYD-00468,ATM-HYD-0192,ATM-HYD-0192,2026-06-19 15:16:00,INTERCEPTED,2026-06-19 15:59:00,CASH_WITHDRAWAL_PREVENTED,79241.91,0,v2.2-xgboost-conformal
DR-2026-1469,CMP-HYD-00469,ATM-HYD-0399,ATM-HYD-0399,2026-09-08 13:54:00,INTERCEPTED,2026-09-08 14:33:00,SUSPECT_APPREHENDED_AND_FUNDS_FROZEN,40999.2,0,v2.2-xgboost-conformal
DR-2026-1470,CMP-HYD-00470,ATM-HYD-0281,ATM-HYD-0042,2026-08-13 20:43:00,DISPATCHED_MISSED,2026-08-13 21:14:00,DIFFERENT_ATM_USED,0.0,1,v2.2-xgboost-conformal
DR-2026-1471,CMP-HYD-00471,ATM-HYD-0389,ATM-HYD-0389,2026-01-11 18:33:00,INTERCEPTED,2026-01-11 18:49:00,SUSPECT_APPREHENDED_AND_FUNDS_FROZEN,46939.22,0,v2.2-xgboost-conformal
DR-2026-1472,CMP-HYD-00472,ATM-HYD-0411,ATM-HYD-0338,2026-05-14 09:39:00,DISPATCHED_MISSED,2026-05-14 10:16:00,OFFICER_ARRIVED_POST_CASHOUT,0.0,1,v2.2-xgboost-conformal
DR-2026-1473,CMP-HYD-00473,ATM-HYD-0482,ATM-HYD-0482,2026-01-13 08:08:00,INTERCEPTED,2026-01-13 08:25:00,SUSPECT_APPREHENDED_AND_FUNDS_FROZEN,14976.49,0,v2.2-xgboost-conformal
DR-2026-1474,CMP-HYD-00474,ATM-HYD-0339,ATM-HYD-0339,2026-01-09 15:59:00,INTERCEPTED,2026-01-09 16:19:00,CASH_WITHDRAWAL_PREVENTED,45309.95,0,v2.2-xgboost-conformal
DR-2026-1475,CMP-HYD-00475,ATM-HYD-0043,ATM-HYD-0227,2026-06-24 06:16:00,DISPATCHED_MISSED,2026-06-24 07:08:00,DIFFERENT_ATM_USED,0.0,1,v2.2-xgboost-conformal
DR-2026-1476,CMP-HYD-00476,ATM-HYD-0132,ATM-HYD-0132,2026-08-28 21:45:00,INTERCEPTED,2026-08-28 22:27:00,SUSPECT_APPREHENDED_AND_FUNDS_FROZEN,193091.54,0,v2.2-xgboost-conformal
DR-2026-1477,CMP-HYD-00477,ATM-HYD-0509,ATM-HYD-0442,2026-04-06 04:39:00,DISPATCHED_MISSED,2026-04-06 05:20:00,OFFICER_ARRIVED_POST_CASHOUT,0.0,1,v2.2-xgboost-conformal
DR-2026-1478,CMP-HYD-00478,ATM-HYD-0189,ATM-HYD-0189,2026-06-02 03:52:00,INTERCEPTED,2026-06-02 04:16:00,SUSPECT_APPREHENDED_AND_FUNDS_FROZEN,86425.51,0,v2.2-xgboost-conformal
DR-2026-1479,CMP-HYD-00479,ATM-HYD-0245,ATM-HYD-0245,2026-02-27 21:40:00,INTERCEPTED,2026-02-27 21:58:00,CASH_WITHDRAWAL_PREVENTED,41596.15,0,v2.2-xgboost-conformal
DR-2026-1480,CMP-HYD-00480,ATM-HYD-0148,ATM-HYD-0148,2026-03-05 06:06:00,INTERCEPTED,2026-03-05 06:48:00,SUSPECT_APPREHENDED_AND_FUNDS_FROZEN,23157.74,0,v2.2-xgboost-conformal
DR-2026-1481,CMP-HYD-00481,ATM-HYD-0076,ATM-HYD-0076,2026-04-21 04:40:00,INTERCEPTED,2026-04-21 05:17:00,SUSPECT_APPREHENDED_AND_FUNDS_FROZEN,21418.23,0,v2.2-xgboost-conformal
DR-2026-1482,CMP-HYD-00482,ATM-HYD-0168,ATM-HYD-0135,2026-04-05 21:17:00,DISPATCHED_MISSED,2026-04-05 21:53:00,OFFICER_ARRIVED_POST_CASHOUT,0.0,1,v2.2-xgboost-conformal
DR-2026-1483,CMP-HYD-00483,ATM-HYD-0018,ATM-HYD-0018,2026-01-11 11:08:00,INTERCEPTED,2026-01-11 11:57:00,CASH_WITHDRAWAL_PREVENTED,140532.15,0,v2.2-xgboost-conformal
DR-2026-1484,CMP-HYD-00484,ATM-HYD-0160,ATM-HYD-0160,2026-06-17 23:36:00,INTERCEPTED,2026-06-18 00:09:00,SUSPECT_APPREHENDED_AND_FUNDS_FROZEN,85805.11,0,v2.2-xgboost-conformal
DR-2026-1485,CMP-HYD-00485,ATM-HYD-0303,ATM-HYD-0416,2026-07-18 21:33:00,DISPATCHED_MISSED,2026-07-18 21:59:00,DIFFERENT_ATM_USED,0.0,1,v2.2-xgboost-conformal
DR-2026-1486,CMP-HYD-00486,ATM-HYD-0410,ATM-HYD-0410,2026-03-24 07:49:00,INTERCEPTED,2026-03-24 08:34:00,SUSPECT_APPREHENDED_AND_FUNDS_FROZEN,137038.39,0,v2.2-xgboost-conformal
DR-2026-1487,CMP-HYD-00487,ATM-HYD-0036,ATM-HYD-0051,2026-07-15 11:38:00,DISPATCHED_MISSED,2026-07-15 12:20:00,OFFICER_ARRIVED_POST_CASHOUT,0.0,1,v2.2-xgboost-conformal
DR-2026-1488,CMP-HYD-00488,ATM-HYD-0074,ATM-HYD-0074,2026-02-21 23:10:00,INTERCEPTED,2026-02-21 23:33:00,CASH_WITHDRAWAL_PREVENTED,45832.89,0,v2.2-xgboost-conformal
DR-2026-1489,CMP-HYD-00489,ATM-HYD-0010,ATM-HYD-0367,2026-08-10 02:21:00,DISPATCHED_MISSED,2026-08-10 03:00:00,OFFICER_ARRIVED_POST_CASHOUT,0.0,1,v2.2-xgboost-conformal
DR-2026-1490,CMP-HYD-00490,ATM-HYD-0454,ATM-HYD-0395,2026-04-23 13:40:00,DISPATCHED_MISSED,2026-04-23 14:16:00,OFFICER_ARRIVED_POST_CASHOUT,0.0,1,v2.2-xgboost-conformal
DR-2026-1491,CMP-HYD-00491,ATM-HYD-0239,ATM-HYD-0239,2026-06-30 11:04:00,INTERCEPTED,2026-06-30 11:42:00,SUSPECT_APPREHENDED_AND_FUNDS_FROZEN,109784.72,0,v2.2-xgboost-conformal
DR-2026-1492,CMP-HYD-00492,ATM-HYD-0200,ATM-HYD-0200,2026-06-17 00:02:00,INTERCEPTED,2026-06-17 00:37:00,SUSPECT_APPREHENDED_AND_FUNDS_FROZEN,77744.55,0,v2.2-xgboost-conformal
DR-2026-1493,CMP-HYD-00493,ATM-HYD-0225,ATM-HYD-0225,2026-03-30 02:26:00,INTERCEPTED,2026-03-30 03:16:00,SUSPECT_APPREHENDED_AND_FUNDS_FROZEN,13752.15,0,v2.2-xgboost-conformal
DR-2026-1494,CMP-HYD-00494,ATM-HYD-0317,ATM-HYD-0317,2026-03-19 07:01:00,INTERCEPTED,2026-03-19 07:42:00,SUSPECT_APPREHENDED_AND_FUNDS_FROZEN,145017.47,0,v2.2-xgboost-conformal
DR-2026-1495,CMP-HYD-00495,ATM-HYD-0448,ATM-HYD-0383,2026-06-29 13:35:00,DISPATCHED_MISSED,2026-06-29 14:08:00,OFFICER_ARRIVED_POST_CASHOUT,0.0,1,v2.2-xgboost-conformal
DR-2026-1496,CMP-HYD-00496,ATM-HYD-0343,ATM-HYD-0343,2026-05-26 01:51:00,INTERCEPTED,2026-05-26 02:07:00,CASH_WITHDRAWAL_PREVENTED,193078.09,0,v2.2-xgboost-conformal
DR-2026-1497,CMP-HYD-00497,ATM-HYD-0441,ATM-HYD-0134,2026-06-05 12:30:00,DISPATCHED_MISSED,2026-06-05 13:24:00,OFFICER_ARRIVED_POST_CASHOUT,0.0,1,v2.2-xgboost-conformal
DR-2026-1498,CMP-HYD-00498,ATM-HYD-0206,ATM-HYD-0330,2026-08-11 20:15:00,DISPATCHED_MISSED,2026-08-11 20:53:00,DIFFERENT_ATM_USED,0.0,1,v2.2-xgboost-conformal
DR-2026-1499,CMP-HYD-00499,ATM-HYD-0084,ATM-HYD-0084,2026-03-20 23:35:00,INTERCEPTED,2026-03-21 00:00:00,CASH_WITHDRAWAL_PREVENTED,43965.6,0,v2.2-xgboost-conformal
DR-2026-1500,CMP-HYD-00500,ATM-HYD-0010,ATM-HYD-0010,2026-03-18 02:03:00,INTERCEPTED,2026-03-18 02:37:00,CASH_WITHDRAWAL_PREVENTED,113890.7,0,v2.2-xgboost-conformal
DR-2026-1501,CMP-HYD-00501,ATM-HYD-0041,ATM-HYD-0041,2026-07-15 11:59:00,INTERCEPTED,2026-07-15 12:33:00,CASH_WITHDRAWAL_PREVENTED,187307.24,0,v2.2-xgboost-conformal
DR-2026-1502,CMP-HYD-00502,ATM-HYD-0149,ATM-HYD-0149,2026-07-26 03:35:00,INTERCEPTED,2026-07-26 04:20:00,CASH_WITHDRAWAL_PREVENTED,13625.52,0,v2.2-xgboost-conformal
DR-2026-1503,CMP-HYD-00503,ATM-HYD-0433,ATM-HYD-0433,2026-08-21 00:17:00,INTERCEPTED,2026-08-21 00:42:00,SUSPECT_APPREHENDED_AND_FUNDS_FROZEN,36443.31,0,v2.2-xgboost-conformal
DR-2026-1504,CMP-HYD-00504,ATM-HYD-0097,ATM-HYD-0097,2026-02-01 09:36:00,INTERCEPTED,2026-02-01 09:58:00,CASH_WITHDRAWAL_PREVENTED,13217.93,0,v2.2-xgboost-conformal
DR-2026-1505,CMP-HYD-00505,ATM-HYD-0300,ATM-HYD-0330,2026-08-18 19:35:00,DISPATCHED_MISSED,2026-08-18 19:57:00,OFFICER_ARRIVED_POST_CASHOUT,0.0,1,v2.2-xgboost-conformal
DR-2026-1506,CMP-HYD-00506,ATM-HYD-0415,ATM-HYD-0415,2026-06-17 01:11:00,INTERCEPTED,2026-06-17 01:28:00,CASH_WITHDRAWAL_PREVENTED,22073.68,0,v2.2-xgboost-conformal
DR-2026-1507,CMP-HYD-00507,ATM-HYD-0259,ATM-HYD-0259,2026-07-03 01:38:00,INTERCEPTED,2026-07-03 02:30:00,SUSPECT_APPREHENDED_AND_FUNDS_FROZEN,199457.16,0,v2.2-xgboost-conformal
DR-2026-1508,CMP-HYD-00508,ATM-HYD-0198,ATM-HYD-0198,2026-03-25 19:50:00,INTERCEPTED,2026-03-25 20:41:00,SUSPECT_APPREHENDED_AND_FUNDS_FROZEN,13056.86,0,v2.2-xgboost-conformal
DR-2026-1509,CMP-HYD-00509,ATM-HYD-0464,ATM-HYD-0464,2026-01-28 19:13:00,INTERCEPTED,2026-01-28 20:00:00,SUSPECT_APPREHENDED_AND_FUNDS_FROZEN,12960.29,0,v2.2-xgboost-conformal
DR-2026-1510,CMP-HYD-00510,ATM-HYD-0211,ATM-HYD-0211,2026-09-03 07:36:00,INTERCEPTED,2026-09-03 08:00:00,SUSPECT_APPREHENDED_AND_FUNDS_FROZEN,22868.65,0,v2.2-xgboost-conformal
DR-2026-1511,CMP-HYD-00511,ATM-HYD-0204,ATM-HYD-0204,2026-08-22 07:21:00,INTERCEPTED,2026-08-22 07:44:00,SUSPECT_APPREHENDED_AND_FUNDS_FROZEN,82757.42,0,v2.2-xgboost-conformal
DR-2026-1512,CMP-HYD-00512,ATM-HYD-0209,ATM-HYD-0499,2026-06-17 15:38:00,DISPATCHED_MISSED,2026-06-17 16:32:00,DIFFERENT_ATM_USED,0.0,1,v2.2-xgboost-conformal
DR-2026-1513,CMP-HYD-00513,ATM-HYD-0012,ATM-HYD-0012,2026-01-21 13:26:00,INTERCEPTED,2026-01-21 13:47:00,CASH_WITHDRAWAL_PREVENTED,24476.64,0,v2.2-xgboost-conformal
DR-2026-1514,CMP-HYD-00514,ATM-HYD-0048,ATM-HYD-0048,2026-02-02 01:53:00,INTERCEPTED,2026-02-02 02:19:00,SUSPECT_APPREHENDED_AND_FUNDS_FROZEN,24404.68,0,v2.2-xgboost-conformal
DR-2026-1515,CMP-HYD-00515,ATM-HYD-0393,ATM-HYD-0393,2026-03-28 10:37:00,INTERCEPTED,2026-03-28 11:09:00,SUSPECT_APPREHENDED_AND_FUNDS_FROZEN,24499.83,0,v2.2-xgboost-conformal
DR-2026-1516,CMP-HYD-00516,ATM-HYD-0361,ATM-HYD-0361,2026-07-05 18:58:00,INTERCEPTED,2026-07-05 19:22:00,SUSPECT_APPREHENDED_AND_FUNDS_FROZEN,39911.46,0,v2.2-xgboost-conformal
DR-2026-1517,CMP-HYD-00517,ATM-HYD-0079,ATM-HYD-0079,2026-03-18 15:21:00,INTERCEPTED,2026-03-18 16:04:00,SUSPECT_APPREHENDED_AND_FUNDS_FROZEN,44774.38,0,v2.2-xgboost-conformal
DR-2026-1518,CMP-HYD-00518,ATM-HYD-0237,ATM-HYD-0237,2026-05-13 08:36:00,INTERCEPTED,2026-05-13 09:30:00,SUSPECT_APPREHENDED_AND_FUNDS_FROZEN,103549.35,0,v2.2-xgboost-conformal
DR-2026-1519,CMP-HYD-00519,ATM-HYD-0491,ATM-HYD-0491,2026-02-06 03:13:00,INTERCEPTED,2026-02-06 04:03:00,SUSPECT_APPREHENDED_AND_FUNDS_FROZEN,84319.99,0,v2.2-xgboost-conformal
DR-2026-1520,CMP-HYD-00520,ATM-HYD-0256,ATM-HYD-0435,2026-08-30 18:27:00,DISPATCHED_MISSED,2026-08-30 18:56:00,OFFICER_ARRIVED_POST_CASHOUT,0.0,1,v2.2-xgboost-conformal
DR-2026-1521,CMP-HYD-00521,ATM-HYD-0055,ATM-HYD-0055,2026-07-07 21:07:00,INTERCEPTED,2026-07-07 21:40:00,CASH_WITHDRAWAL_PREVENTED,74254.43,0,v2.2-xgboost-conformal
DR-2026-1522,CMP-HYD-00522,ATM-HYD-0458,ATM-HYD-0458,2026-03-23 06:53:00,INTERCEPTED,2026-03-23 07:16:00,SUSPECT_APPREHENDED_AND_FUNDS_FROZEN,170464.35,0,v2.2-xgboost-conformal
DR-2026-1523,CMP-HYD-00523,ATM-HYD-0097,ATM-HYD-0097,2026-03-14 04:12:00,INTERCEPTED,2026-03-14 04:57:00,SUSPECT_APPREHENDED_AND_FUNDS_FROZEN,146358.1,0,v2.2-xgboost-conformal
DR-2026-1524,CMP-HYD-00524,ATM-HYD-0045,ATM-HYD-0045,2026-06-11 18:15:00,INTERCEPTED,2026-06-11 18:45:00,SUSPECT_APPREHENDED_AND_FUNDS_FROZEN,119390.9,0,v2.2-xgboost-conformal
DR-2026-1525,CMP-HYD-00525,ATM-HYD-0377,ATM-HYD-0377,2026-02-26 03:56:00,INTERCEPTED,2026-02-26 04:22:00,SUSPECT_APPREHENDED_AND_FUNDS_FROZEN,22975.77,0,v2.2-xgboost-conformal
DR-2026-1526,CMP-HYD-00526,ATM-HYD-0401,ATM-HYD-0401,2026-06-03 13:43:00,INTERCEPTED,2026-06-03 13:59:00,SUSPECT_APPREHENDED_AND_FUNDS_FROZEN,145753.82,0,v2.2-xgboost-conformal
DR-2026-1527,CMP-HYD-00527,ATM-HYD-0264,ATM-HYD-0264,2026-03-08 01:17:00,INTERCEPTED,2026-03-08 01:45:00,SUSPECT_APPREHENDED_AND_FUNDS_FROZEN,107255.76,0,v2.2-xgboost-conformal
DR-2026-1528,CMP-HYD-00528,ATM-HYD-0502,ATM-HYD-0502,2026-06-04 17:01:00,INTERCEPTED,2026-06-04 17:21:00,CASH_WITHDRAWAL_PREVENTED,40091.82,0,v2.2-xgboost-conformal
DR-2026-1529,CMP-HYD-00529,ATM-HYD-0517,ATM-HYD-0517,2026-04-12 22:14:00,INTERCEPTED,2026-04-12 22:55:00,SUSPECT_APPREHENDED_AND_FUNDS_FROZEN,192083.65,0,v2.2-xgboost-conformal
DR-2026-1530,CMP-HYD-00530,ATM-HYD-0404,ATM-HYD-0281,2026-02-10 09:19:00,DISPATCHED_MISSED,2026-02-10 10:11:00,OFFICER_ARRIVED_POST_CASHOUT,0.0,1,v2.2-xgboost-conformal
DR-2026-1531,CMP-HYD-00531,ATM-HYD-0495,ATM-HYD-0495,2026-01-06 00:47:00,INTERCEPTED,2026-01-06 01:29:00,SUSPECT_APPREHENDED_AND_FUNDS_FROZEN,114930.61,0,v2.2-xgboost-conformal
DR-2026-1532,CMP-HYD-00532,ATM-HYD-0314,ATM-HYD-0314,2026-02-21 03:16:00,INTERCEPTED,2026-02-21 03:52:00,CASH_WITHDRAWAL_PREVENTED,140909.99,0,v2.2-xgboost-conformal
DR-2026-1533,CMP-HYD-00533,ATM-HYD-0311,ATM-HYD-0311,2026-07-15 17:45:00,INTERCEPTED,2026-07-15 18:06:00,SUSPECT_APPREHENDED_AND_FUNDS_FROZEN,89404.82,0,v2.2-xgboost-conformal
DR-2026-1534,CMP-HYD-00534,ATM-HYD-0063,ATM-HYD-0063,2026-05-24 05:13:00,INTERCEPTED,2026-05-24 05:28:00,CASH_WITHDRAWAL_PREVENTED,24043.22,0,v2.2-xgboost-conformal
DR-2026-1535,CMP-HYD-00535,ATM-HYD-0088,ATM-HYD-0088,2026-01-10 10:44:00,INTERCEPTED,2026-01-10 11:07:00,SUSPECT_APPREHENDED_AND_FUNDS_FROZEN,37770.53,0,v2.2-xgboost-conformal
DR-2026-1536,CMP-HYD-00536,ATM-HYD-0450,ATM-HYD-0450,2026-08-08 23:46:00,INTERCEPTED,2026-08-09 00:32:00,CASH_WITHDRAWAL_PREVENTED,197351.65,0,v2.2-xgboost-conformal
DR-2026-1537,CMP-HYD-00537,ATM-HYD-0099,ATM-HYD-0099,2026-05-07 05:40:00,INTERCEPTED,2026-05-07 06:06:00,CASH_WITHDRAWAL_PREVENTED,103214.97,0,v2.2-xgboost-conformal
DR-2026-1538,CMP-HYD-00538,ATM-HYD-0072,ATM-HYD-0072,2026-02-06 09:33:00,INTERCEPTED,2026-02-06 10:04:00,SUSPECT_APPREHENDED_AND_FUNDS_FROZEN,36268.84,0,v2.2-xgboost-conformal
DR-2026-1539,CMP-HYD-00539,ATM-HYD-0498,ATM-HYD-0498,2026-04-17 05:09:00,INTERCEPTED,2026-04-17 06:02:00,SUSPECT_APPREHENDED_AND_FUNDS_FROZEN,92348.17,0,v2.2-xgboost-conformal
DR-2026-1540,CMP-HYD-00540,ATM-HYD-0072,ATM-HYD-0072,2026-06-12 17:56:00,INTERCEPTED,2026-06-12 18:12:00,SUSPECT_APPREHENDED_AND_FUNDS_FROZEN,87088.69,0,v2.2-xgboost-conformal
DR-2026-1541,CMP-HYD-00541,ATM-HYD-0348,ATM-HYD-0348,2026-06-14 21:12:00,INTERCEPTED,2026-06-14 21:29:00,CASH_WITHDRAWAL_PREVENTED,186624.12,0,v2.2-xgboost-conformal
DR-2026-1542,CMP-HYD-00542,ATM-HYD-0480,ATM-HYD-0480,2026-09-05 23:55:00,INTERCEPTED,2026-09-06 00:29:00,CASH_WITHDRAWAL_PREVENTED,72599.8,0,v2.2-xgboost-conformal
DR-2026-1543,CMP-HYD-00543,ATM-HYD-0330,ATM-HYD-0330,2026-08-18 01:08:00,INTERCEPTED,2026-08-18 01:24:00,SUSPECT_APPREHENDED_AND_FUNDS_FROZEN,22927.26,0,v2.2-xgboost-conformal
DR-2026-1544,CMP-HYD-00544,ATM-HYD-0051,ATM-HYD-0051,2026-05-16 02:56:00,INTERCEPTED,2026-05-16 03:31:00,CASH_WITHDRAWAL_PREVENTED,92269.53,0,v2.2-xgboost-conformal
DR-2026-1545,CMP-HYD-00545,ATM-HYD-0018,ATM-HYD-0018,2026-08-19 13:41:00,INTERCEPTED,2026-08-19 14:05:00,SUSPECT_APPREHENDED_AND_FUNDS_FROZEN,176814.61,0,v2.2-xgboost-conformal
DR-2026-1546,CMP-HYD-00546,ATM-HYD-0144,ATM-HYD-0144,2026-04-24 11:33:00,INTERCEPTED,2026-04-24 12:21:00,SUSPECT_APPREHENDED_AND_FUNDS_FROZEN,44474.4,0,v2.2-xgboost-conformal
DR-2026-1547,CMP-HYD-00547,ATM-HYD-0462,ATM-HYD-0462,2026-06-28 22:16:00,INTERCEPTED,2026-06-28 23:05:00,CASH_WITHDRAWAL_PREVENTED,13253.08,0,v2.2-xgboost-conformal
DR-2026-1548,CMP-HYD-00548,ATM-HYD-0476,ATM-HYD-0496,2026-01-10 11:01:00,DISPATCHED_MISSED,2026-01-10 11:38:00,DIFFERENT_ATM_USED,0.0,1,v2.2-xgboost-conformal
DR-2026-1549,CMP-HYD-00549,ATM-HYD-0222,ATM-HYD-0222,2026-03-13 06:41:00,INTERCEPTED,2026-03-13 07:19:00,CASH_WITHDRAWAL_PREVENTED,188174.22,0,v2.2-xgboost-conformal
DR-2026-1550,CMP-HYD-00550,ATM-HYD-0421,ATM-HYD-0421,2026-01-17 06:52:00,INTERCEPTED,2026-01-17 07:15:00,CASH_WITHDRAWAL_PREVENTED,12754.22,0,v2.2-xgboost-conformal
DR-2026-1551,CMP-HYD-00551,ATM-HYD-0452,ATM-HYD-0384,2026-04-30 18:53:00,DISPATCHED_MISSED,2026-04-30 19:32:00,DIFFERENT_ATM_USED,0.0,1,v2.2-xgboost-conformal
DR-2026-1552,CMP-HYD-00552,ATM-HYD-0038,ATM-HYD-0049,2026-01-21 23:15:00,DISPATCHED_MISSED,2026-01-21 23:48:00,OFFICER_ARRIVED_POST_CASHOUT,0.0,1,v2.2-xgboost-conformal
DR-2026-1553,CMP-HYD-00553,ATM-HYD-0172,ATM-HYD-0172,2026-02-27 06:17:00,INTERCEPTED,2026-02-27 06:48:00,SUSPECT_APPREHENDED_AND_FUNDS_FROZEN,108043.4,0,v2.2-xgboost-conformal
DR-2026-1554,CMP-HYD-00554,ATM-HYD-0070,ATM-HYD-0070,2026-05-18 18:13:00,INTERCEPTED,2026-05-18 18:44:00,SUSPECT_APPREHENDED_AND_FUNDS_FROZEN,41724.8,0,v2.2-xgboost-conformal
DR-2026-1555,CMP-HYD-00555,ATM-HYD-0473,ATM-HYD-0017,2026-03-08 01:59:00,DISPATCHED_MISSED,2026-03-08 02:46:00,OFFICER_ARRIVED_POST_CASHOUT,0.0,1,v2.2-xgboost-conformal
DR-2026-1556,CMP-HYD-00556,ATM-HYD-0234,ATM-HYD-0234,2026-04-18 15:21:00,INTERCEPTED,2026-04-18 16:03:00,SUSPECT_APPREHENDED_AND_FUNDS_FROZEN,39092.6,0,v2.2-xgboost-conformal
DR-2026-1557,CMP-HYD-00557,ATM-HYD-0395,ATM-HYD-0395,2026-05-02 07:16:00,INTERCEPTED,2026-05-02 07:58:00,CASH_WITHDRAWAL_PREVENTED,107748.33,0,v2.2-xgboost-conformal
DR-2026-1558,CMP-HYD-00558,ATM-HYD-0066,ATM-HYD-0431,2026-06-01 00:10:00,DISPATCHED_MISSED,2026-06-01 00:50:00,OFFICER_ARRIVED_POST_CASHOUT,0.0,1,v2.2-xgboost-conformal
DR-2026-1559,CMP-HYD-00559,ATM-HYD-0289,ATM-HYD-0388,2026-03-21 04:51:00,DISPATCHED_MISSED,2026-03-21 05:20:00,DIFFERENT_ATM_USED,0.0,1,v2.2-xgboost-conformal
DR-2026-1560,CMP-HYD-00560,ATM-HYD-0005,ATM-HYD-0216,2026-06-25 17:54:00,DISPATCHED_MISSED,2026-06-25 18:10:00,OFFICER_ARRIVED_POST_CASHOUT,0.0,1,v2.2-xgboost-conformal
DR-2026-1561,CMP-HYD-00561,ATM-HYD-0306,ATM-HYD-0306,2026-02-02 10:48:00,INTERCEPTED,2026-02-02 11:24:00,CASH_WITHDRAWAL_PREVENTED,116003.93,0,v2.2-xgboost-conformal
DR-2026-1562,CMP-HYD-00562,ATM-HYD-0165,ATM-HYD-0165,2026-02-26 19:11:00,INTERCEPTED,2026-02-26 19:32:00,CASH_WITHDRAWAL_PREVENTED,13368.11,0,v2.2-xgboost-conformal
DR-2026-1563,CMP-HYD-00563,ATM-HYD-0018,ATM-HYD-0018,2026-03-28 12:41:00,INTERCEPTED,2026-03-28 13:27:00,SUSPECT_APPREHENDED_AND_FUNDS_FROZEN,23116.25,0,v2.2-xgboost-conformal
DR-2026-1564,CMP-HYD-00564,ATM-HYD-0424,ATM-HYD-0424,2026-07-26 02:22:00,INTERCEPTED,2026-07-26 02:57:00,CASH_WITHDRAWAL_PREVENTED,136777.92,0,v2.2-xgboost-conformal
DR-2026-1565,CMP-HYD-00565,ATM-HYD-0237,ATM-HYD-0237,2026-07-17 01:19:00,INTERCEPTED,2026-07-17 02:04:00,SUSPECT_APPREHENDED_AND_FUNDS_FROZEN,114133.46,0,v2.2-xgboost-conformal
DR-2026-1566,CMP-HYD-00566,ATM-HYD-0365,ATM-HYD-0284,2026-05-17 12:55:00,DISPATCHED_MISSED,2026-05-17 13:36:00,DIFFERENT_ATM_USED,0.0,1,v2.2-xgboost-conformal
DR-2026-1567,CMP-HYD-00567,ATM-HYD-0099,ATM-HYD-0099,2026-04-28 11:03:00,INTERCEPTED,2026-04-28 11:55:00,CASH_WITHDRAWAL_PREVENTED,146863.93,0,v2.2-xgboost-conformal
DR-2026-1568,CMP-HYD-00568,ATM-HYD-0443,ATM-HYD-0443,2026-06-02 03:22:00,INTERCEPTED,2026-06-02 03:50:00,SUSPECT_APPREHENDED_AND_FUNDS_FROZEN,12771.08,0,v2.2-xgboost-conformal
DR-2026-1569,CMP-HYD-00569,ATM-HYD-0236,ATM-HYD-0236,2026-08-24 23:52:00,INTERCEPTED,2026-08-25 00:15:00,SUSPECT_APPREHENDED_AND_FUNDS_FROZEN,49631.62,0,v2.2-xgboost-conformal
DR-2026-1570,CMP-HYD-00570,ATM-HYD-0082,ATM-HYD-0082,2026-04-13 00:11:00,INTERCEPTED,2026-04-13 01:02:00,CASH_WITHDRAWAL_PREVENTED,114135.65,0,v2.2-xgboost-conformal
DR-2026-1571,CMP-HYD-00571,ATM-HYD-0067,ATM-HYD-0067,2026-04-06 18:30:00,INTERCEPTED,2026-04-06 19:21:00,SUSPECT_APPREHENDED_AND_FUNDS_FROZEN,12957.51,0,v2.2-xgboost-conformal
DR-2026-1572,CMP-HYD-00572,ATM-HYD-0175,ATM-HYD-0175,2026-01-05 13:42:00,INTERCEPTED,2026-01-05 14:24:00,CASH_WITHDRAWAL_PREVENTED,44755.11,0,v2.2-xgboost-conformal
DR-2026-1573,CMP-HYD-00573,ATM-HYD-0182,ATM-HYD-0182,2026-05-31 13:40:00,INTERCEPTED,2026-05-31 14:12:00,CASH_WITHDRAWAL_PREVENTED,140631.26,0,v2.2-xgboost-conformal
DR-2026-1574,CMP-HYD-00574,ATM-HYD-0473,ATM-HYD-0294,2026-06-22 12:16:00,DISPATCHED_MISSED,2026-06-22 12:34:00,OFFICER_ARRIVED_POST_CASHOUT,0.0,1,v2.2-xgboost-conformal
DR-2026-1575,CMP-HYD-00575,ATM-HYD-0113,ATM-HYD-0115,2026-02-09 19:37:00,DISPATCHED_MISSED,2026-02-09 20:00:00,DIFFERENT_ATM_USED,0.0,1,v2.2-xgboost-conformal
DR-2026-1576,CMP-HYD-00576,ATM-HYD-0499,ATM-HYD-0505,2026-01-25 12:13:00,DISPATCHED_MISSED,2026-01-25 13:05:00,OFFICER_ARRIVED_POST_CASHOUT,0.0,1,v2.2-xgboost-conformal
DR-2026-1577,CMP-HYD-00577,ATM-HYD-0194,ATM-HYD-0194,2026-03-23 11:40:00,INTERCEPTED,2026-03-23 12:33:00,CASH_WITHDRAWAL_PREVENTED,83965.47,0,v2.2-xgboost-conformal
DR-2026-1578,CMP-HYD-00578,ATM-HYD-0151,ATM-HYD-0151,2026-08-25 05:25:00,INTERCEPTED,2026-08-25 05:45:00,SUSPECT_APPREHENDED_AND_FUNDS_FROZEN,36932.2,0,v2.2-xgboost-conformal
DR-2026-1579,CMP-HYD-00579,ATM-HYD-0348,ATM-HYD-0348,2026-02-05 19:39:00,INTERCEPTED,2026-02-05 20:30:00,CASH_WITHDRAWAL_PREVENTED,45994.63,0,v2.2-xgboost-conformal
DR-2026-1580,CMP-HYD-00580,ATM-HYD-0037,ATM-HYD-0057,2026-05-22 16:55:00,DISPATCHED_MISSED,2026-05-22 17:38:00,DIFFERENT_ATM_USED,0.0,1,v2.2-xgboost-conformal
DR-2026-1581,CMP-HYD-00581,ATM-HYD-0400,ATM-HYD-0400,2026-04-28 07:43:00,INTERCEPTED,2026-04-28 07:59:00,SUSPECT_APPREHENDED_AND_FUNDS_FROZEN,133386.37,0,v2.2-xgboost-conformal
DR-2026-1582,CMP-HYD-00582,ATM-HYD-0130,ATM-HYD-0371,2026-06-24 21:26:00,DISPATCHED_MISSED,2026-06-24 22:18:00,OFFICER_ARRIVED_POST_CASHOUT,0.0,1,v2.2-xgboost-conformal
DR-2026-1583,CMP-HYD-00583,ATM-HYD-0027,ATM-HYD-0027,2026-08-01 23:49:00,INTERCEPTED,2026-08-02 00:27:00,SUSPECT_APPREHENDED_AND_FUNDS_FROZEN,107176.04,0,v2.2-xgboost-conformal
DR-2026-1584,CMP-HYD-00584,ATM-HYD-0241,ATM-HYD-0241,2026-04-16 21:21:00,INTERCEPTED,2026-04-16 21:57:00,SUSPECT_APPREHENDED_AND_FUNDS_FROZEN,87086.45,0,v2.2-xgboost-conformal
DR-2026-1585,CMP-HYD-00585,ATM-HYD-0506,ATM-HYD-0506,2026-06-29 08:36:00,INTERCEPTED,2026-06-29 09:28:00,SUSPECT_APPREHENDED_AND_FUNDS_FROZEN,142707.75,0,v2.2-xgboost-conformal
DR-2026-1586,CMP-HYD-00586,ATM-HYD-0016,ATM-HYD-0217,2026-07-02 14:43:00,DISPATCHED_MISSED,2026-07-02 15:05:00,OFFICER_ARRIVED_POST_CASHOUT,0.0,1,v2.2-xgboost-conformal
DR-2026-1587,CMP-HYD-00587,ATM-HYD-0120,ATM-HYD-0120,2026-04-04 23:32:00,INTERCEPTED,2026-04-05 00:25:00,CASH_WITHDRAWAL_PREVENTED,81316.8,0,v2.2-xgboost-conformal
DR-2026-1588,CMP-HYD-00588,ATM-HYD-0405,ATM-HYD-0067,2026-08-11 16:30:00,DISPATCHED_MISSED,2026-08-11 16:47:00,DIFFERENT_ATM_USED,0.0,1,v2.2-xgboost-conformal
DR-2026-1589,CMP-HYD-00589,ATM-HYD-0513,ATM-HYD-0513,2026-05-08 14:36:00,INTERCEPTED,2026-05-08 14:57:00,SUSPECT_APPREHENDED_AND_FUNDS_FROZEN,92421.53,0,v2.2-xgboost-conformal
DR-2026-1590,CMP-HYD-00590,ATM-HYD-0230,ATM-HYD-0230,2026-01-18 08:35:00,INTERCEPTED,2026-01-18 09:05:00,CASH_WITHDRAWAL_PREVENTED,195086.78,0,v2.2-xgboost-conformal
DR-2026-1591,CMP-HYD-00591,ATM-HYD-0113,ATM-HYD-0113,2026-06-26 22:29:00,INTERCEPTED,2026-06-26 23:12:00,SUSPECT_APPREHENDED_AND_FUNDS_FROZEN,49299.91,0,v2.2-xgboost-conformal
DR-2026-1592,CMP-HYD-00592,ATM-HYD-0118,ATM-HYD-0118,2026-04-29 03:34:00,INTERCEPTED,2026-04-29 03:53:00,SUSPECT_APPREHENDED_AND_FUNDS_FROZEN,129793.34,0,v2.2-xgboost-conformal
DR-2026-1593,CMP-HYD-00593,ATM-HYD-0457,ATM-HYD-0457,2026-08-09 03:46:00,INTERCEPTED,2026-08-09 04:24:00,SUSPECT_APPREHENDED_AND_FUNDS_FROZEN,103190.7,0,v2.2-xgboost-conformal
DR-2026-1594,CMP-HYD-00594,ATM-HYD-0262,ATM-HYD-0262,2026-03-14 20:19:00,INTERCEPTED,2026-03-14 20:48:00,CASH_WITHDRAWAL_PREVENTED,177355.57,0,v2.2-xgboost-conformal
DR-2026-1595,CMP-HYD-00595,ATM-HYD-0379,ATM-HYD-0379,2026-02-11 05:04:00,INTERCEPTED,2026-02-11 05:59:00,CASH_WITHDRAWAL_PREVENTED,128869.24,0,v2.2-xgboost-conformal
DR-2026-1596,CMP-HYD-00596,ATM-HYD-0420,ATM-HYD-0420,2026-05-01 03:43:00,INTERCEPTED,2026-05-01 04:07:00,SUSPECT_APPREHENDED_AND_FUNDS_FROZEN,175254.1,0,v2.2-xgboost-conformal
DR-2026-1597,CMP-HYD-00597,ATM-HYD-0180,ATM-HYD-0180,2026-06-17 19:50:00,INTERCEPTED,2026-06-17 20:16:00,SUSPECT_APPREHENDED_AND_FUNDS_FROZEN,130994.36,0,v2.2-xgboost-conformal
DR-2026-1598,CMP-HYD-00598,ATM-HYD-0164,ATM-HYD-0164,2026-03-20 13:36:00,INTERCEPTED,2026-03-20 14:00:00,CASH_WITHDRAWAL_PREVENTED,148572.47,0,v2.2-xgboost-conformal
DR-2026-1599,CMP-HYD-00599,ATM-HYD-0518,ATM-HYD-0518,2026-03-17 11:01:00,INTERCEPTED,2026-03-17 11:42:00,SUSPECT_APPREHENDED_AND_FUNDS_FROZEN,79334.94,0,v2.2-xgboost-conformal
DR-2026-1600,CMP-HYD-00600,ATM-HYD-0518,ATM-HYD-0518,2026-09-01 01:49:00,INTERCEPTED,2026-09-01 02:12:00,SUSPECT_APPREHENDED_AND_FUNDS_FROZEN,133934.98,0,v2.2-xgboost-conformal
DR-2026-1601,CMP-HYD-00601,ATM-HYD-0284,ATM-HYD-0284,2026-08-25 09:07:00,INTERCEPTED,2026-08-25 09:45:00,SUSPECT_APPREHENDED_AND_FUNDS_FROZEN,149531.47,0,v2.2-xgboost-conformal
DR-2026-1602,CMP-HYD-00602,ATM-HYD-0024,ATM-HYD-0192,2026-05-27 17:48:00,DISPATCHED_MISSED,2026-05-27 18:35:00,DIFFERENT_ATM_USED,0.0,1,v2.2-xgboost-conformal
DR-2026-1603,CMP-HYD-00603,ATM-HYD-0079,ATM-HYD-0079,2026-02-28 14:23:00,INTERCEPTED,2026-02-28 14:42:00,SUSPECT_APPREHENDED_AND_FUNDS_FROZEN,143075.98,0,v2.2-xgboost-conformal
DR-2026-1604,CMP-HYD-00604,ATM-HYD-0200,ATM-HYD-0200,2026-08-22 16:23:00,INTERCEPTED,2026-08-22 16:42:00,CASH_WITHDRAWAL_PREVENTED,13503.26,0,v2.2-xgboost-conformal
DR-2026-1605,CMP-HYD-00605,ATM-HYD-0508,ATM-HYD-0508,2026-05-17 05:51:00,INTERCEPTED,2026-05-17 06:18:00,CASH_WITHDRAWAL_PREVENTED,22716.59,0,v2.2-xgboost-conformal
DR-2026-1606,CMP-HYD-00606,ATM-HYD-0231,ATM-HYD-0231,2026-01-19 05:41:00,INTERCEPTED,2026-01-19 06:12:00,SUSPECT_APPREHENDED_AND_FUNDS_FROZEN,82619.85,0,v2.2-xgboost-conformal
DR-2026-1607,CMP-HYD-00607,ATM-HYD-0374,ATM-HYD-0374,2026-03-24 13:09:00,INTERCEPTED,2026-03-24 13:53:00,SUSPECT_APPREHENDED_AND_FUNDS_FROZEN,44918.86,0,v2.2-xgboost-conformal
DR-2026-1608,CMP-HYD-00608,ATM-HYD-0110,ATM-HYD-0400,2026-02-16 03:01:00,DISPATCHED_MISSED,2026-02-16 03:50:00,OFFICER_ARRIVED_POST_CASHOUT,0.0,1,v2.2-xgboost-conformal
DR-2026-1609,CMP-HYD-00609,ATM-HYD-0182,ATM-HYD-0182,2026-08-28 06:49:00,INTERCEPTED,2026-08-28 07:40:00,CASH_WITHDRAWAL_PREVENTED,45119.35,0,v2.2-xgboost-conformal
DR-2026-1610,CMP-HYD-00610,ATM-HYD-0059,ATM-HYD-0059,2026-06-01 03:05:00,INTERCEPTED,2026-06-01 03:43:00,SUSPECT_APPREHENDED_AND_FUNDS_FROZEN,106541.75,0,v2.2-xgboost-conformal
DR-2026-1611,CMP-HYD-00611,ATM-HYD-0225,ATM-HYD-0225,2026-04-03 15:16:00,INTERCEPTED,2026-04-03 15:50:00,SUSPECT_APPREHENDED_AND_FUNDS_FROZEN,185542.04,0,v2.2-xgboost-conformal
DR-2026-1612,CMP-HYD-00612,ATM-HYD-0014,ATM-HYD-0014,2026-06-29 02:41:00,INTERCEPTED,2026-06-29 03:01:00,CASH_WITHDRAWAL_PREVENTED,44405.35,0,v2.2-xgboost-conformal
DR-2026-1613,CMP-HYD-00613,ATM-HYD-0374,ATM-HYD-0374,2026-02-05 22:30:00,INTERCEPTED,2026-02-05 23:20:00,SUSPECT_APPREHENDED_AND_FUNDS_FROZEN,39845.16,0,v2.2-xgboost-conformal
DR-2026-1614,CMP-HYD-00614,ATM-HYD-0305,ATM-HYD-0444,2026-04-04 03:50:00,DISPATCHED_MISSED,2026-04-04 04:22:00,OFFICER_ARRIVED_POST_CASHOUT,0.0,1,v2.2-xgboost-conformal
DR-2026-1615,CMP-HYD-00615,ATM-HYD-0159,ATM-HYD-0159,2026-01-12 17:24:00,INTERCEPTED,2026-01-12 17:55:00,SUSPECT_APPREHENDED_AND_FUNDS_FROZEN,114711.29,0,v2.2-xgboost-conformal
DR-2026-1616,CMP-HYD-00616,ATM-HYD-0096,ATM-HYD-0096,2026-02-04 19:51:00,INTERCEPTED,2026-02-04 20:15:00,SUSPECT_APPREHENDED_AND_FUNDS_FROZEN,131713.77,0,v2.2-xgboost-conformal
DR-2026-1617,CMP-HYD-00617,ATM-HYD-0131,ATM-HYD-0131,2026-02-02 07:32:00,INTERCEPTED,2026-02-02 08:22:00,SUSPECT_APPREHENDED_AND_FUNDS_FROZEN,42745.79,0,v2.2-xgboost-conformal
DR-2026-1618,CMP-HYD-00618,ATM-HYD-0271,ATM-HYD-0271,2026-07-01 14:42:00,INTERCEPTED,2026-07-01 15:13:00,CASH_WITHDRAWAL_PREVENTED,93689.46,0,v2.2-xgboost-conformal
DR-2026-1619,CMP-HYD-00619,ATM-HYD-0007,ATM-HYD-0007,2026-02-06 20:02:00,INTERCEPTED,2026-02-06 20:42:00,CASH_WITHDRAWAL_PREVENTED,14722.66,0,v2.2-xgboost-conformal
DR-2026-1620,CMP-HYD-00620,ATM-HYD-0232,ATM-HYD-0232,2026-04-23 03:47:00,INTERCEPTED,2026-04-23 04:05:00,SUSPECT_APPREHENDED_AND_FUNDS_FROZEN,177027.45,0,v2.2-xgboost-conformal
DR-2026-1621,CMP-HYD-00621,ATM-HYD-0351,ATM-HYD-0351,2026-01-17 11:27:00,INTERCEPTED,2026-01-17 12:00:00,CASH_WITHDRAWAL_PREVENTED,72764.23,0,v2.2-xgboost-conformal
DR-2026-1622,CMP-HYD-00622,ATM-HYD-0060,ATM-HYD-0426,2026-02-16 12:52:00,DISPATCHED_MISSED,2026-02-16 13:35:00,OFFICER_ARRIVED_POST_CASHOUT,0.0,1,v2.2-xgboost-conformal
DR-2026-1623,CMP-HYD-00623,ATM-HYD-0392,ATM-HYD-0482,2026-05-19 07:44:00,DISPATCHED_MISSED,2026-05-19 08:38:00,OFFICER_ARRIVED_POST_CASHOUT,0.0,1,v2.2-xgboost-conformal
DR-2026-1624,CMP-HYD-00624,ATM-HYD-0513,ATM-HYD-0513,2026-04-10 16:26:00,INTERCEPTED,2026-04-10 17:12:00,SUSPECT_APPREHENDED_AND_FUNDS_FROZEN,78040.9,0,v2.2-xgboost-conformal
DR-2026-1625,CMP-HYD-00625,ATM-HYD-0402,ATM-HYD-0387,2026-02-06 15:52:00,DISPATCHED_MISSED,2026-02-06 16:33:00,OFFICER_ARRIVED_POST_CASHOUT,0.0,1,v2.2-xgboost-conformal
DR-2026-1626,CMP-HYD-00626,ATM-HYD-0194,ATM-HYD-0021,2026-08-17 12:07:00,DISPATCHED_MISSED,2026-08-17 13:00:00,DIFFERENT_ATM_USED,0.0,1,v2.2-xgboost-conformal
DR-2026-1627,CMP-HYD-00627,ATM-HYD-0036,ATM-HYD-0141,2026-03-01 21:28:00,DISPATCHED_MISSED,2026-03-01 21:46:00,DIFFERENT_ATM_USED,0.0,1,v2.2-xgboost-conformal
DR-2026-1628,CMP-HYD-00628,ATM-HYD-0023,ATM-HYD-0023,2026-04-20 18:10:00,INTERCEPTED,2026-04-20 18:25:00,CASH_WITHDRAWAL_PREVENTED,143987.13,0,v2.2-xgboost-conformal
DR-2026-1629,CMP-HYD-00629,ATM-HYD-0261,ATM-HYD-0261,2026-01-15 20:06:00,INTERCEPTED,2026-01-15 20:42:00,SUSPECT_APPREHENDED_AND_FUNDS_FROZEN,119327.87,0,v2.2-xgboost-conformal
DR-2026-1630,CMP-HYD-00630,ATM-HYD-0149,ATM-HYD-0229,2026-05-30 15:14:00,DISPATCHED_MISSED,2026-05-30 16:03:00,DIFFERENT_ATM_USED,0.0,1,v2.2-xgboost-conformal
DR-2026-1631,CMP-HYD-00631,ATM-HYD-0005,ATM-HYD-0005,2026-06-04 03:37:00,INTERCEPTED,2026-06-04 04:29:00,SUSPECT_APPREHENDED_AND_FUNDS_FROZEN,13926.42,0,v2.2-xgboost-conformal
DR-2026-1632,CMP-HYD-00632,ATM-HYD-0143,ATM-HYD-0343,2026-05-27 16:02:00,DISPATCHED_MISSED,2026-05-27 16:38:00,DIFFERENT_ATM_USED,0.0,1,v2.2-xgboost-conformal
DR-2026-1633,CMP-HYD-00633,ATM-HYD-0002,ATM-HYD-0171,2026-08-06 08:22:00,DISPATCHED_MISSED,2026-08-06 08:41:00,DIFFERENT_ATM_USED,0.0,1,v2.2-xgboost-conformal
DR-2026-1634,CMP-HYD-00634,ATM-HYD-0262,ATM-HYD-0262,2026-07-12 11:49:00,INTERCEPTED,2026-07-12 12:37:00,CASH_WITHDRAWAL_PREVENTED,112839.04,0,v2.2-xgboost-conformal
DR-2026-1635,CMP-HYD-00635,ATM-HYD-0019,ATM-HYD-0019,2026-06-09 15:40:00,INTERCEPTED,2026-06-09 16:19:00,CASH_WITHDRAWAL_PREVENTED,82473.96,0,v2.2-xgboost-conformal
DR-2026-1636,CMP-HYD-00636,ATM-HYD-0057,ATM-HYD-0057,2026-08-21 16:44:00,INTERCEPTED,2026-08-21 17:05:00,SUSPECT_APPREHENDED_AND_FUNDS_FROZEN,80205.96,0,v2.2-xgboost-conformal
DR-2026-1637,CMP-HYD-00637,ATM-HYD-0102,ATM-HYD-0102,2026-02-04 12:06:00,INTERCEPTED,2026-02-04 13:00:00,SUSPECT_APPREHENDED_AND_FUNDS_FROZEN,117174.18,0,v2.2-xgboost-conformal
DR-2026-1638,CMP-HYD-00638,ATM-HYD-0175,ATM-HYD-0175,2026-05-07 07:53:00,INTERCEPTED,2026-05-07 08:13:00,CASH_WITHDRAWAL_PREVENTED,14586.28,0,v2.2-xgboost-conformal
DR-2026-1639,CMP-HYD-00639,ATM-HYD-0515,ATM-HYD-0515,2026-05-26 06:26:00,INTERCEPTED,2026-05-26 07:09:00,SUSPECT_APPREHENDED_AND_FUNDS_FROZEN,183793.95,0,v2.2-xgboost-conformal
DR-2026-1640,CMP-HYD-00640,ATM-HYD-0017,ATM-HYD-0017,2026-05-19 11:04:00,INTERCEPTED,2026-05-19 11:57:00,CASH_WITHDRAWAL_PREVENTED,81803.21,0,v2.2-xgboost-conformal
DR-2026-1641,CMP-HYD-00641,ATM-HYD-0118,ATM-HYD-0118,2026-07-04 11:45:00,INTERCEPTED,2026-07-04 12:35:00,SUSPECT_APPREHENDED_AND_FUNDS_FROZEN,42809.15,0,v2.2-xgboost-conformal
DR-2026-1642,CMP-HYD-00642,ATM-HYD-0397,ATM-HYD-0397,2026-05-24 14:35:00,INTERCEPTED,2026-05-24 15:17:00,SUSPECT_APPREHENDED_AND_FUNDS_FROZEN,13812.9,0,v2.2-xgboost-conformal
DR-2026-1643,CMP-HYD-00643,ATM-HYD-0254,ATM-HYD-0254,2026-02-25 21:28:00,INTERCEPTED,2026-02-25 22:12:00,SUSPECT_APPREHENDED_AND_FUNDS_FROZEN,108291.6,0,v2.2-xgboost-conformal
DR-2026-1644,CMP-HYD-00644,ATM-HYD-0091,ATM-HYD-0450,2026-07-18 02:39:00,DISPATCHED_MISSED,2026-07-18 02:56:00,OFFICER_ARRIVED_POST_CASHOUT,0.0,1,v2.2-xgboost-conformal
DR-2026-1645,CMP-HYD-00645,ATM-HYD-0432,ATM-HYD-0432,2026-01-23 03:25:00,INTERCEPTED,2026-01-23 04:01:00,CASH_WITHDRAWAL_PREVENTED,88292.91,0,v2.2-xgboost-conformal
DR-2026-1646,CMP-HYD-00646,ATM-HYD-0087,ATM-HYD-0087,2026-01-24 05:16:00,INTERCEPTED,2026-01-24 06:03:00,SUSPECT_APPREHENDED_AND_FUNDS_FROZEN,140767.57,0,v2.2-xgboost-conformal
DR-2026-1647,CMP-HYD-00647,ATM-HYD-0323,ATM-HYD-0323,2026-02-13 00:33:00,INTERCEPTED,2026-02-13 01:18:00,SUSPECT_APPREHENDED_AND_FUNDS_FROZEN,23890.62,0,v2.2-xgboost-conformal
DR-2026-1648,CMP-HYD-00648,ATM-HYD-0087,ATM-HYD-0087,2026-08-12 21:58:00,INTERCEPTED,2026-08-12 22:16:00,CASH_WITHDRAWAL_PREVENTED,22826.47,0,v2.2-xgboost-conformal
DR-2026-1649,CMP-HYD-00649,ATM-HYD-0080,ATM-HYD-0080,2026-08-28 09:06:00,INTERCEPTED,2026-08-28 09:56:00,SUSPECT_APPREHENDED_AND_FUNDS_FROZEN,77901.09,0,v2.2-xgboost-conformal
DR-2026-1650,CMP-HYD-00650,ATM-HYD-0468,ATM-HYD-0468,2026-08-30 03:42:00,INTERCEPTED,2026-08-30 04:14:00,SUSPECT_APPREHENDED_AND_FUNDS_FROZEN,129841.3,0,v2.2-xgboost-conformal
DR-2026-1651,CMP-HYD-00651,ATM-HYD-0268,ATM-HYD-0196,2026-08-06 16:05:00,DISPATCHED_MISSED,2026-08-06 16:48:00,DIFFERENT_ATM_USED,0.0,1,v2.2-xgboost-conformal
DR-2026-1652,CMP-HYD-00652,ATM-HYD-0141,ATM-HYD-0238,2026-04-14 13:24:00,DISPATCHED_MISSED,2026-04-14 13:42:00,OFFICER_ARRIVED_POST_CASHOUT,0.0,1,v2.2-xgboost-conformal
DR-2026-1653,CMP-HYD-00653,ATM-HYD-0284,ATM-HYD-0036,2026-08-17 18:47:00,DISPATCHED_MISSED,2026-08-17 19:02:00,OFFICER_ARRIVED_POST_CASHOUT,0.0,1,v2.2-xgboost-conformal
DR-2026-1654,CMP-HYD-00654,ATM-HYD-0367,ATM-HYD-0367,2026-05-15 05:32:00,INTERCEPTED,2026-05-15 05:48:00,CASH_WITHDRAWAL_PREVENTED,191999.34,0,v2.2-xgboost-conformal
DR-2026-1655,CMP-HYD-00655,ATM-HYD-0453,ATM-HYD-0453,2026-01-12 12:13:00,INTERCEPTED,2026-01-12 12:33:00,SUSPECT_APPREHENDED_AND_FUNDS_FROZEN,13398.66,0,v2.2-xgboost-conformal
DR-2026-1656,CMP-HYD-00656,ATM-HYD-0297,ATM-HYD-0297,2026-02-06 19:15:00,INTERCEPTED,2026-02-06 19:58:00,SUSPECT_APPREHENDED_AND_FUNDS_FROZEN,35921.07,0,v2.2-xgboost-conformal
DR-2026-1657,CMP-HYD-00657,ATM-HYD-0237,ATM-HYD-0237,2026-03-13 06:52:00,INTERCEPTED,2026-03-13 07:11:00,CASH_WITHDRAWAL_PREVENTED,118059.42,0,v2.2-xgboost-conformal
DR-2026-1658,CMP-HYD-00658,ATM-HYD-0197,ATM-HYD-0197,2026-02-16 17:20:00,INTERCEPTED,2026-02-16 18:14:00,SUSPECT_APPREHENDED_AND_FUNDS_FROZEN,21938.05,0,v2.2-xgboost-conformal
DR-2026-1659,CMP-HYD-00659,ATM-HYD-0321,ATM-HYD-0321,2026-05-23 15:12:00,INTERCEPTED,2026-05-23 15:29:00,CASH_WITHDRAWAL_PREVENTED,21851.41,0,v2.2-xgboost-conformal
DR-2026-1660,CMP-HYD-00660,ATM-HYD-0263,ATM-HYD-0263,2026-06-02 01:42:00,INTERCEPTED,2026-06-02 02:10:00,SUSPECT_APPREHENDED_AND_FUNDS_FROZEN,130344.27,0,v2.2-xgboost-conformal
DR-2026-1661,CMP-HYD-00661,ATM-HYD-0486,ATM-HYD-0486,2026-04-08 04:18:00,INTERCEPTED,2026-04-08 05:07:00,SUSPECT_APPREHENDED_AND_FUNDS_FROZEN,111101.79,0,v2.2-xgboost-conformal
DR-2026-1662,CMP-HYD-00662,ATM-HYD-0429,ATM-HYD-0429,2026-09-04 10:03:00,INTERCEPTED,2026-09-04 10:29:00,CASH_WITHDRAWAL_PREVENTED,189813.77,0,v2.2-xgboost-conformal
DR-2026-1663,CMP-HYD-00663,ATM-HYD-0269,ATM-HYD-0142,2026-01-01 18:03:00,DISPATCHED_MISSED,2026-01-01 18:47:00,OFFICER_ARRIVED_POST_CASHOUT,0.0,1,v2.2-xgboost-conformal
DR-2026-1664,CMP-HYD-00664,ATM-HYD-0491,ATM-HYD-0491,2026-06-06 08:22:00,INTERCEPTED,2026-06-06 09:14:00,SUSPECT_APPREHENDED_AND_FUNDS_FROZEN,144416.85,0,v2.2-xgboost-conformal
DR-2026-1665,CMP-HYD-00665,ATM-HYD-0378,ATM-HYD-0378,2026-07-26 09:09:00,INTERCEPTED,2026-07-26 09:25:00,CASH_WITHDRAWAL_PREVENTED,102029.29,0,v2.2-xgboost-conformal
DR-2026-1666,CMP-HYD-00666,ATM-HYD-0372,ATM-HYD-0496,2026-09-01 12:29:00,DISPATCHED_MISSED,2026-09-01 13:17:00,DIFFERENT_ATM_USED,0.0,1,v2.2-xgboost-conformal
DR-2026-1667,CMP-HYD-00667,ATM-HYD-0023,ATM-HYD-0023,2026-06-14 09:13:00,INTERCEPTED,2026-06-14 10:07:00,SUSPECT_APPREHENDED_AND_FUNDS_FROZEN,93134.7,0,v2.2-xgboost-conformal
DR-2026-1668,CMP-HYD-00668,ATM-HYD-0336,ATM-HYD-0336,2026-08-28 16:27:00,INTERCEPTED,2026-08-28 17:02:00,CASH_WITHDRAWAL_PREVENTED,109166.26,0,v2.2-xgboost-conformal
DR-2026-1669,CMP-HYD-00669,ATM-HYD-0018,ATM-HYD-0018,2026-03-23 14:15:00,INTERCEPTED,2026-03-23 15:09:00,SUSPECT_APPREHENDED_AND_FUNDS_FROZEN,115459.89,0,v2.2-xgboost-conformal
DR-2026-1670,CMP-HYD-00670,ATM-HYD-0514,ATM-HYD-0350,2026-08-07 02:20:00,DISPATCHED_MISSED,2026-08-07 03:00:00,DIFFERENT_ATM_USED,0.0,1,v2.2-xgboost-conformal
DR-2026-1671,CMP-HYD-00671,ATM-HYD-0281,ATM-HYD-0281,2026-07-25 17:10:00,INTERCEPTED,2026-07-25 17:27:00,CASH_WITHDRAWAL_PREVENTED,23905.53,0,v2.2-xgboost-conformal
DR-2026-1672,CMP-HYD-00672,ATM-HYD-0033,ATM-HYD-0033,2026-07-13 01:08:00,INTERCEPTED,2026-07-13 01:57:00,SUSPECT_APPREHENDED_AND_FUNDS_FROZEN,22734.95,0,v2.2-xgboost-conformal
DR-2026-1673,CMP-HYD-00673,ATM-HYD-0336,ATM-HYD-0336,2026-08-15 10:05:00,INTERCEPTED,2026-08-15 10:52:00,SUSPECT_APPREHENDED_AND_FUNDS_FROZEN,85928.83,0,v2.2-xgboost-conformal
DR-2026-1674,CMP-HYD-00674,ATM-HYD-0284,ATM-HYD-0284,2026-06-04 15:01:00,INTERCEPTED,2026-06-04 15:32:00,SUSPECT_APPREHENDED_AND_FUNDS_FROZEN,94745.05,0,v2.2-xgboost-conformal
DR-2026-1675,CMP-HYD-00675,ATM-HYD-0088,ATM-HYD-0088,2026-03-09 14:27:00,INTERCEPTED,2026-03-09 15:05:00,SUSPECT_APPREHENDED_AND_FUNDS_FROZEN,82425.62,0,v2.2-xgboost-conformal
DR-2026-1676,CMP-HYD-00676,ATM-HYD-0221,ATM-HYD-0221,2026-04-10 01:44:00,INTERCEPTED,2026-04-10 02:09:00,CASH_WITHDRAWAL_PREVENTED,113464.01,0,v2.2-xgboost-conformal
DR-2026-1677,CMP-HYD-00677,ATM-HYD-0169,ATM-HYD-0169,2026-03-10 02:58:00,INTERCEPTED,2026-03-10 03:28:00,SUSPECT_APPREHENDED_AND_FUNDS_FROZEN,80328.51,0,v2.2-xgboost-conformal
DR-2026-1678,CMP-HYD-00678,ATM-HYD-0206,ATM-HYD-0206,2026-07-19 02:55:00,INTERCEPTED,2026-07-19 03:23:00,SUSPECT_APPREHENDED_AND_FUNDS_FROZEN,42821.97,0,v2.2-xgboost-conformal
DR-2026-1679,CMP-HYD-00679,ATM-HYD-0342,ATM-HYD-0342,2026-08-24 23:59:00,INTERCEPTED,2026-08-25 00:42:00,CASH_WITHDRAWAL_PREVENTED,44435.02,0,v2.2-xgboost-conformal
DR-2026-1680,CMP-HYD-00680,ATM-HYD-0068,ATM-HYD-0328,2026-06-04 22:11:00,DISPATCHED_MISSED,2026-06-04 23:03:00,DIFFERENT_ATM_USED,0.0,1,v2.2-xgboost-conformal
DR-2026-1681,CMP-HYD-00681,ATM-HYD-0054,ATM-HYD-0054,2026-06-29 02:12:00,INTERCEPTED,2026-06-29 02:38:00,SUSPECT_APPREHENDED_AND_FUNDS_FROZEN,22087.28,0,v2.2-xgboost-conformal
DR-2026-1682,CMP-HYD-00682,ATM-HYD-0043,ATM-HYD-0043,2026-01-02 20:56:00,INTERCEPTED,2026-01-02 21:11:00,CASH_WITHDRAWAL_PREVENTED,185958.47,0,v2.2-xgboost-conformal
DR-2026-1683,CMP-HYD-00683,ATM-HYD-0152,ATM-HYD-0024,2026-09-08 23:43:00,DISPATCHED_MISSED,2026-09-09 00:20:00,OFFICER_ARRIVED_POST_CASHOUT,0.0,1,v2.2-xgboost-conformal
DR-2026-1684,CMP-HYD-00684,ATM-HYD-0100,ATM-HYD-0100,2026-05-08 09:48:00,INTERCEPTED,2026-05-08 10:23:00,SUSPECT_APPREHENDED_AND_FUNDS_FROZEN,81046.15,0,v2.2-xgboost-conformal
DR-2026-1685,CMP-HYD-00685,ATM-HYD-0335,ATM-HYD-0067,2026-08-11 14:28:00,DISPATCHED_MISSED,2026-08-11 15:18:00,DIFFERENT_ATM_USED,0.0,1,v2.2-xgboost-conformal
DR-2026-1686,CMP-HYD-00686,ATM-HYD-0182,ATM-HYD-0040,2026-06-01 05:13:00,DISPATCHED_MISSED,2026-06-01 05:29:00,OFFICER_ARRIVED_POST_CASHOUT,0.0,1,v2.2-xgboost-conformal
DR-2026-1687,CMP-HYD-00687,ATM-HYD-0473,ATM-HYD-0358,2026-04-22 05:31:00,DISPATCHED_MISSED,2026-04-22 06:02:00,OFFICER_ARRIVED_POST_CASHOUT,0.0,1,v2.2-xgboost-conformal
DR-2026-1688,CMP-HYD-00688,ATM-HYD-0494,ATM-HYD-0494,2026-03-28 20:19:00,INTERCEPTED,2026-03-28 20:46:00,SUSPECT_APPREHENDED_AND_FUNDS_FROZEN,39892.35,0,v2.2-xgboost-conformal
DR-2026-1689,CMP-HYD-00689,ATM-HYD-0337,ATM-HYD-0337,2026-04-17 07:13:00,INTERCEPTED,2026-04-17 07:40:00,SUSPECT_APPREHENDED_AND_FUNDS_FROZEN,86017.03,0,v2.2-xgboost-conformal
DR-2026-1690,CMP-HYD-00690,ATM-HYD-0254,ATM-HYD-0254,2026-07-20 20:36:00,INTERCEPTED,2026-07-20 20:52:00,SUSPECT_APPREHENDED_AND_FUNDS_FROZEN,88498.54,0,v2.2-xgboost-conformal
DR-2026-1691,CMP-HYD-00691,ATM-HYD-0153,ATM-HYD-0168,2026-05-06 14:38:00,DISPATCHED_MISSED,2026-05-06 15:05:00,DIFFERENT_ATM_USED,0.0,1,v2.2-xgboost-conformal
DR-2026-1692,CMP-HYD-00692,ATM-HYD-0231,ATM-HYD-0146,2026-05-24 04:50:00,DISPATCHED_MISSED,2026-05-24 05:36:00,DIFFERENT_ATM_USED,0.0,1,v2.2-xgboost-conformal
DR-2026-1693,CMP-HYD-00693,ATM-HYD-0051,ATM-HYD-0051,2026-07-24 16:18:00,INTERCEPTED,2026-07-24 17:07:00,SUSPECT_APPREHENDED_AND_FUNDS_FROZEN,190064.2,0,v2.2-xgboost-conformal
DR-2026-1694,CMP-HYD-00694,ATM-HYD-0047,ATM-HYD-0047,2026-06-10 12:35:00,INTERCEPTED,2026-06-10 13:25:00,SUSPECT_APPREHENDED_AND_FUNDS_FROZEN,140604.81,0,v2.2-xgboost-conformal
DR-2026-1695,CMP-HYD-00695,ATM-HYD-0073,ATM-HYD-0073,2026-01-14 10:35:00,INTERCEPTED,2026-01-14 11:17:00,SUSPECT_APPREHENDED_AND_FUNDS_FROZEN,22138.1,0,v2.2-xgboost-conformal
DR-2026-1696,CMP-HYD-00696,ATM-HYD-0405,ATM-HYD-0327,2026-05-25 18:02:00,DISPATCHED_MISSED,2026-05-25 18:24:00,DIFFERENT_ATM_USED,0.0,1,v2.2-xgboost-conformal
DR-2026-1697,CMP-HYD-00697,ATM-HYD-0390,ATM-HYD-0390,2026-01-21 13:21:00,INTERCEPTED,2026-01-21 13:36:00,SUSPECT_APPREHENDED_AND_FUNDS_FROZEN,81137.18,0,v2.2-xgboost-conformal
DR-2026-1698,CMP-HYD-00698,ATM-HYD-0141,ATM-HYD-0141,2026-03-03 01:41:00,INTERCEPTED,2026-03-03 02:12:00,SUSPECT_APPREHENDED_AND_FUNDS_FROZEN,43412.08,0,v2.2-xgboost-conformal
DR-2026-1699,CMP-HYD-00699,ATM-HYD-0376,ATM-HYD-0376,2026-05-11 09:31:00,INTERCEPTED,2026-05-11 10:16:00,CASH_WITHDRAWAL_PREVENTED,13526.73,0,v2.2-xgboost-conformal
DR-2026-1700,CMP-HYD-00700,ATM-HYD-0221,ATM-HYD-0163,2026-08-19 05:25:00,DISPATCHED_MISSED,2026-08-19 05:52:00,DIFFERENT_ATM_USED,0.0,1,v2.2-xgboost-conformal
DR-2026-1701,CMP-HYD-00701,ATM-HYD-0034,ATM-HYD-0034,2026-08-18 08:25:00,INTERCEPTED,2026-08-18 09:13:00,SUSPECT_APPREHENDED_AND_FUNDS_FROZEN,85733.84,0,v2.2-xgboost-conformal
DR-2026-1702,CMP-HYD-00702,ATM-HYD-0429,ATM-HYD-0429,2026-07-14 18:47:00,INTERCEPTED,2026-07-14 19:25:00,SUSPECT_APPREHENDED_AND_FUNDS_FROZEN,45133.04,0,v2.2-xgboost-conformal
DR-2026-1703,CMP-HYD-00703,ATM-HYD-0500,ATM-HYD-0077,2026-08-09 10:13:00,DISPATCHED_MISSED,2026-08-09 10:58:00,DIFFERENT_ATM_USED,0.0,1,v2.2-xgboost-conformal
DR-2026-1704,CMP-HYD-00704,ATM-HYD-0252,ATM-HYD-0252,2026-06-07 03:56:00,INTERCEPTED,2026-06-07 04:20:00,SUSPECT_APPREHENDED_AND_FUNDS_FROZEN,23521.65,0,v2.2-xgboost-conformal
DR-2026-1705,CMP-HYD-00705,ATM-HYD-0280,ATM-HYD-0508,2026-07-09 11:04:00,DISPATCHED_MISSED,2026-07-09 11:48:00,OFFICER_ARRIVED_POST_CASHOUT,0.0,1,v2.2-xgboost-conformal
DR-2026-1706,CMP-HYD-00706,ATM-HYD-0082,ATM-HYD-0260,2026-01-29 02:46:00,DISPATCHED_MISSED,2026-01-29 03:26:00,OFFICER_ARRIVED_POST_CASHOUT,0.0,1,v2.2-xgboost-conformal
DR-2026-1707,CMP-HYD-00707,ATM-HYD-0188,ATM-HYD-0492,2026-05-08 13:53:00,DISPATCHED_MISSED,2026-05-08 14:23:00,DIFFERENT_ATM_USED,0.0,1,v2.2-xgboost-conformal
DR-2026-1708,CMP-HYD-00708,ATM-HYD-0257,ATM-HYD-0362,2026-03-02 22:28:00,DISPATCHED_MISSED,2026-03-02 23:04:00,OFFICER_ARRIVED_POST_CASHOUT,0.0,1,v2.2-xgboost-conformal
DR-2026-1709,CMP-HYD-00709,ATM-HYD-0320,ATM-HYD-0320,2026-05-20 05:23:00,INTERCEPTED,2026-05-20 05:59:00,SUSPECT_APPREHENDED_AND_FUNDS_FROZEN,139078.02,0,v2.2-xgboost-conformal
DR-2026-1710,CMP-HYD-00710,ATM-HYD-0310,ATM-HYD-0310,2026-07-28 21:48:00,INTERCEPTED,2026-07-28 22:25:00,SUSPECT_APPREHENDED_AND_FUNDS_FROZEN,41971.66,0,v2.2-xgboost-conformal
DR-2026-1711,CMP-HYD-00711,ATM-HYD-0506,ATM-HYD-0506,2026-03-29 16:58:00,INTERCEPTED,2026-03-29 17:49:00,SUSPECT_APPREHENDED_AND_FUNDS_FROZEN,13996.06,0,v2.2-xgboost-conformal
DR-2026-1712,CMP-HYD-00712,ATM-HYD-0064,ATM-HYD-0171,2026-01-11 16:06:00,DISPATCHED_MISSED,2026-01-11 16:41:00,OFFICER_ARRIVED_POST_CASHOUT,0.0,1,v2.2-xgboost-conformal
DR-2026-1713,CMP-HYD-00713,ATM-HYD-0205,ATM-HYD-0205,2026-08-28 12:33:00,INTERCEPTED,2026-08-28 12:58:00,SUSPECT_APPREHENDED_AND_FUNDS_FROZEN,197548.54,0,v2.2-xgboost-conformal
DR-2026-1714,CMP-HYD-00714,ATM-HYD-0007,ATM-HYD-0007,2026-05-07 04:58:00,INTERCEPTED,2026-05-07 05:45:00,SUSPECT_APPREHENDED_AND_FUNDS_FROZEN,23846.94,0,v2.2-xgboost-conformal
DR-2026-1715,CMP-HYD-00715,ATM-HYD-0455,ATM-HYD-0455,2026-01-18 08:28:00,INTERCEPTED,2026-01-18 08:45:00,SUSPECT_APPREHENDED_AND_FUNDS_FROZEN,22361.84,0,v2.2-xgboost-conformal
DR-2026-1716,CMP-HYD-00716,ATM-HYD-0250,ATM-HYD-0197,2026-06-23 15:02:00,DISPATCHED_MISSED,2026-06-23 15:42:00,DIFFERENT_ATM_USED,0.0,1,v2.2-xgboost-conformal
DR-2026-1717,CMP-HYD-00717,ATM-HYD-0391,ATM-HYD-0391,2026-04-08 01:31:00,INTERCEPTED,2026-04-08 01:51:00,SUSPECT_APPREHENDED_AND_FUNDS_FROZEN,13564.26,0,v2.2-xgboost-conformal
DR-2026-1718,CMP-HYD-00718,ATM-HYD-0101,ATM-HYD-0161,2026-03-21 17:49:00,DISPATCHED_MISSED,2026-03-21 18:26:00,DIFFERENT_ATM_USED,0.0,1,v2.2-xgboost-conformal
DR-2026-1719,CMP-HYD-00719,ATM-HYD-0333,ATM-HYD-0333,2026-07-25 17:41:00,INTERCEPTED,2026-07-25 18:16:00,SUSPECT_APPREHENDED_AND_FUNDS_FROZEN,104260.93,0,v2.2-xgboost-conformal
DR-2026-1720,CMP-HYD-00720,ATM-HYD-0290,ATM-HYD-0290,2026-02-20 15:31:00,INTERCEPTED,2026-02-20 16:00:00,SUSPECT_APPREHENDED_AND_FUNDS_FROZEN,24076.49,0,v2.2-xgboost-conformal
DR-2026-1721,CMP-HYD-00721,ATM-HYD-0210,ATM-HYD-0210,2026-07-02 14:51:00,INTERCEPTED,2026-07-02 15:17:00,SUSPECT_APPREHENDED_AND_FUNDS_FROZEN,46053.67,0,v2.2-xgboost-conformal
DR-2026-1722,CMP-HYD-00722,ATM-HYD-0327,ATM-HYD-0026,2026-08-18 22:23:00,DISPATCHED_MISSED,2026-08-18 23:16:00,DIFFERENT_ATM_USED,0.0,1,v2.2-xgboost-conformal
DR-2026-1723,CMP-HYD-00723,ATM-HYD-0168,ATM-HYD-0168,2026-01-31 00:10:00,INTERCEPTED,2026-01-31 00:54:00,SUSPECT_APPREHENDED_AND_FUNDS_FROZEN,37530.11,0,v2.2-xgboost-conformal
DR-2026-1724,CMP-HYD-00724,ATM-HYD-0064,ATM-HYD-0064,2026-02-07 09:08:00,INTERCEPTED,2026-02-07 09:43:00,SUSPECT_APPREHENDED_AND_FUNDS_FROZEN,48863.79,0,v2.2-xgboost-conformal
DR-2026-1725,CMP-HYD-00725,ATM-HYD-0356,ATM-HYD-0356,2026-07-25 06:12:00,INTERCEPTED,2026-07-25 06:49:00,CASH_WITHDRAWAL_PREVENTED,138196.34,0,v2.2-xgboost-conformal
DR-2026-1726,CMP-HYD-00726,ATM-HYD-0260,ATM-HYD-0260,2026-05-12 02:36:00,INTERCEPTED,2026-05-12 03:06:00,SUSPECT_APPREHENDED_AND_FUNDS_FROZEN,138033.84,0,v2.2-xgboost-conformal
DR-2026-1727,CMP-HYD-00727,ATM-HYD-0278,ATM-HYD-0278,2026-06-21 23:59:00,INTERCEPTED,2026-06-22 00:14:00,SUSPECT_APPREHENDED_AND_FUNDS_FROZEN,45493.13,0,v2.2-xgboost-conformal
DR-2026-1728,CMP-HYD-00728,ATM-HYD-0497,ATM-HYD-0497,2026-04-21 19:01:00,INTERCEPTED,2026-04-21 19:25:00,SUSPECT_APPREHENDED_AND_FUNDS_FROZEN,23218.01,0,v2.2-xgboost-conformal
DR-2026-1729,CMP-HYD-00729,ATM-HYD-0454,ATM-HYD-0454,2026-08-03 17:38:00,INTERCEPTED,2026-08-03 18:16:00,CASH_WITHDRAWAL_PREVENTED,79520.42,0,v2.2-xgboost-conformal
DR-2026-1730,CMP-HYD-00730,ATM-HYD-0091,ATM-HYD-0091,2026-05-13 19:40:00,INTERCEPTED,2026-05-13 20:24:00,SUSPECT_APPREHENDED_AND_FUNDS_FROZEN,180304.23,0,v2.2-xgboost-conformal
DR-2026-1731,CMP-HYD-00731,ATM-HYD-0397,ATM-HYD-0397,2026-05-13 21:26:00,INTERCEPTED,2026-05-13 22:17:00,CASH_WITHDRAWAL_PREVENTED,89921.72,0,v2.2-xgboost-conformal
DR-2026-1732,CMP-HYD-00732,ATM-HYD-0368,ATM-HYD-0368,2026-05-29 16:11:00,INTERCEPTED,2026-05-29 16:57:00,SUSPECT_APPREHENDED_AND_FUNDS_FROZEN,136966.58,0,v2.2-xgboost-conformal
DR-2026-1733,CMP-HYD-00733,ATM-HYD-0153,ATM-HYD-0153,2026-05-18 10:09:00,INTERCEPTED,2026-05-18 10:40:00,SUSPECT_APPREHENDED_AND_FUNDS_FROZEN,134572.21,0,v2.2-xgboost-conformal
DR-2026-1734,CMP-HYD-00734,ATM-HYD-0438,ATM-HYD-0520,2026-05-11 18:26:00,DISPATCHED_MISSED,2026-05-11 19:18:00,DIFFERENT_ATM_USED,0.0,1,v2.2-xgboost-conformal
DR-2026-1735,CMP-HYD-00735,ATM-HYD-0234,ATM-HYD-0234,2026-08-05 02:17:00,INTERCEPTED,2026-08-05 03:01:00,SUSPECT_APPREHENDED_AND_FUNDS_FROZEN,14099.24,0,v2.2-xgboost-conformal
DR-2026-1736,CMP-HYD-00736,ATM-HYD-0454,ATM-HYD-0454,2026-04-21 07:14:00,INTERCEPTED,2026-04-21 07:58:00,SUSPECT_APPREHENDED_AND_FUNDS_FROZEN,72862.8,0,v2.2-xgboost-conformal
DR-2026-1737,CMP-HYD-00737,ATM-HYD-0345,ATM-HYD-0345,2026-05-19 19:01:00,INTERCEPTED,2026-05-19 19:46:00,SUSPECT_APPREHENDED_AND_FUNDS_FROZEN,44451.93,0,v2.2-xgboost-conformal
DR-2026-1738,CMP-HYD-00738,ATM-HYD-0504,ATM-HYD-0465,2026-03-13 03:00:00,DISPATCHED_MISSED,2026-03-13 03:48:00,DIFFERENT_ATM_USED,0.0,1,v2.2-xgboost-conformal
DR-2026-1739,CMP-HYD-00739,ATM-HYD-0365,ATM-HYD-0365,2026-01-06 17:48:00,INTERCEPTED,2026-01-06 18:09:00,SUSPECT_APPREHENDED_AND_FUNDS_FROZEN,110282.87,0,v2.2-xgboost-conformal
DR-2026-1740,CMP-HYD-00740,ATM-HYD-0297,ATM-HYD-0297,2026-02-13 12:13:00,INTERCEPTED,2026-02-13 12:53:00,SUSPECT_APPREHENDED_AND_FUNDS_FROZEN,114472.2,0,v2.2-xgboost-conformal
DR-2026-1741,CMP-HYD-00741,ATM-HYD-0498,ATM-HYD-0485,2026-04-10 18:22:00,DISPATCHED_MISSED,2026-04-10 19:01:00,OFFICER_ARRIVED_POST_CASHOUT,0.0,1,v2.2-xgboost-conformal
DR-2026-1742,CMP-HYD-00742,ATM-HYD-0205,ATM-HYD-0205,2026-02-26 18:41:00,INTERCEPTED,2026-02-26 19:16:00,SUSPECT_APPREHENDED_AND_FUNDS_FROZEN,37695.52,0,v2.2-xgboost-conformal
DR-2026-1743,CMP-HYD-00743,ATM-HYD-0264,ATM-HYD-0264,2026-05-15 08:28:00,INTERCEPTED,2026-05-15 09:14:00,CASH_WITHDRAWAL_PREVENTED,22825.91,0,v2.2-xgboost-conformal
DR-2026-1744,CMP-HYD-00744,ATM-HYD-0399,ATM-HYD-0399,2026-03-15 17:30:00,INTERCEPTED,2026-03-15 18:22:00,SUSPECT_APPREHENDED_AND_FUNDS_FROZEN,39986.51,0,v2.2-xgboost-conformal
DR-2026-1745,CMP-HYD-00745,ATM-HYD-0485,ATM-HYD-0485,2026-07-05 05:09:00,INTERCEPTED,2026-07-05 05:42:00,SUSPECT_APPREHENDED_AND_FUNDS_FROZEN,81727.95,0,v2.2-xgboost-conformal
DR-2026-1746,CMP-HYD-00746,ATM-HYD-0077,ATM-HYD-0077,2026-03-03 19:53:00,INTERCEPTED,2026-03-03 20:22:00,CASH_WITHDRAWAL_PREVENTED,41445.58,0,v2.2-xgboost-conformal
DR-2026-1747,CMP-HYD-00747,ATM-HYD-0470,ATM-HYD-0470,2026-05-16 15:43:00,INTERCEPTED,2026-05-16 16:15:00,SUSPECT_APPREHENDED_AND_FUNDS_FROZEN,134427.53,0,v2.2-xgboost-conformal
DR-2026-1748,CMP-HYD-00748,ATM-HYD-0193,ATM-HYD-0193,2026-02-02 01:13:00,INTERCEPTED,2026-02-02 02:03:00,CASH_WITHDRAWAL_PREVENTED,130851.89,0,v2.2-xgboost-conformal
DR-2026-1749,CMP-HYD-00749,ATM-HYD-0101,ATM-HYD-0101,2026-07-18 20:48:00,INTERCEPTED,2026-07-18 21:40:00,CASH_WITHDRAWAL_PREVENTED,108809.74,0,v2.2-xgboost-conformal
DR-2026-1750,CMP-HYD-00750,ATM-HYD-0090,ATM-HYD-0090,2026-07-02 14:23:00,INTERCEPTED,2026-07-02 15:17:00,SUSPECT_APPREHENDED_AND_FUNDS_FROZEN,144436.4,0,v2.2-xgboost-conformal
DR-2026-1751,CMP-HYD-00751,ATM-HYD-0349,ATM-HYD-0349,2026-06-03 09:22:00,INTERCEPTED,2026-06-03 10:01:00,SUSPECT_APPREHENDED_AND_FUNDS_FROZEN,21969.05,0,v2.2-xgboost-conformal
DR-2026-1752,CMP-HYD-00752,ATM-HYD-0080,ATM-HYD-0080,2026-01-16 00:32:00,INTERCEPTED,2026-01-16 01:19:00,SUSPECT_APPREHENDED_AND_FUNDS_FROZEN,76527.68,0,v2.2-xgboost-conformal
DR-2026-1753,CMP-HYD-00753,ATM-HYD-0500,ATM-HYD-0500,2026-07-14 15:27:00,INTERCEPTED,2026-07-14 16:20:00,SUSPECT_APPREHENDED_AND_FUNDS_FROZEN,146058.38,0,v2.2-xgboost-conformal
DR-2026-1754,CMP-HYD-00754,ATM-HYD-0186,ATM-HYD-0186,2026-07-15 06:05:00,INTERCEPTED,2026-07-15 06:44:00,SUSPECT_APPREHENDED_AND_FUNDS_FROZEN,37580.8,0,v2.2-xgboost-conformal
DR-2026-1755,CMP-HYD-00755,ATM-HYD-0432,ATM-HYD-0432,2026-05-26 08:58:00,INTERCEPTED,2026-05-26 09:28:00,SUSPECT_APPREHENDED_AND_FUNDS_FROZEN,171369.2,0,v2.2-xgboost-conformal
DR-2026-1756,CMP-HYD-00756,ATM-HYD-0462,ATM-HYD-0462,2026-08-06 15:16:00,INTERCEPTED,2026-08-06 16:04:00,SUSPECT_APPREHENDED_AND_FUNDS_FROZEN,80832.32,0,v2.2-xgboost-conformal
DR-2026-1757,CMP-HYD-00757,ATM-HYD-0490,ATM-HYD-0358,2026-05-04 08:21:00,DISPATCHED_MISSED,2026-05-04 08:55:00,DIFFERENT_ATM_USED,0.0,1,v2.2-xgboost-conformal
DR-2026-1758,CMP-HYD-00758,ATM-HYD-0346,ATM-HYD-0388,2026-04-29 04:59:00,DISPATCHED_MISSED,2026-04-29 05:35:00,DIFFERENT_ATM_USED,0.0,1,v2.2-xgboost-conformal
DR-2026-1759,CMP-HYD-00759,ATM-HYD-0289,ATM-HYD-0289,2026-08-26 01:27:00,INTERCEPTED,2026-08-26 02:11:00,SUSPECT_APPREHENDED_AND_FUNDS_FROZEN,82504.3,0,v2.2-xgboost-conformal
DR-2026-1760,CMP-HYD-00760,ATM-HYD-0245,ATM-HYD-0467,2026-04-21 07:18:00,DISPATCHED_MISSED,2026-04-21 08:13:00,DIFFERENT_ATM_USED,0.0,1,v2.2-xgboost-conformal
DR-2026-1761,CMP-HYD-00761,ATM-HYD-0106,ATM-HYD-0106,2026-01-14 00:30:00,INTERCEPTED,2026-01-14 01:05:00,SUSPECT_APPREHENDED_AND_FUNDS_FROZEN,39506.72,0,v2.2-xgboost-conformal
DR-2026-1762,CMP-HYD-00762,ATM-HYD-0174,ATM-HYD-0174,2026-05-30 02:02:00,INTERCEPTED,2026-05-30 02:35:00,CASH_WITHDRAWAL_PREVENTED,14432.77,0,v2.2-xgboost-conformal
DR-2026-1763,CMP-HYD-00763,ATM-HYD-0425,ATM-HYD-0168,2026-02-05 02:29:00,DISPATCHED_MISSED,2026-02-05 03:02:00,OFFICER_ARRIVED_POST_CASHOUT,0.0,1,v2.2-xgboost-conformal
DR-2026-1764,CMP-HYD-00764,ATM-HYD-0319,ATM-HYD-0319,2026-04-02 16:19:00,INTERCEPTED,2026-04-02 16:48:00,CASH_WITHDRAWAL_PREVENTED,142021.76,0,v2.2-xgboost-conformal
DR-2026-1765,CMP-HYD-00765,ATM-HYD-0510,ATM-HYD-0510,2026-01-16 18:56:00,INTERCEPTED,2026-01-16 19:25:00,CASH_WITHDRAWAL_PREVENTED,24578.36,0,v2.2-xgboost-conformal
DR-2026-1766,CMP-HYD-00766,ATM-HYD-0294,ATM-HYD-0294,2026-08-28 22:13:00,INTERCEPTED,2026-08-28 23:04:00,SUSPECT_APPREHENDED_AND_FUNDS_FROZEN,74419.91,0,v2.2-xgboost-conformal
DR-2026-1767,CMP-HYD-00767,ATM-HYD-0318,ATM-HYD-0368,2026-04-26 04:52:00,DISPATCHED_MISSED,2026-04-26 05:29:00,OFFICER_ARRIVED_POST_CASHOUT,0.0,1,v2.2-xgboost-conformal
DR-2026-1768,CMP-HYD-00768,ATM-HYD-0255,ATM-HYD-0255,2026-02-07 01:56:00,INTERCEPTED,2026-02-07 02:13:00,SUSPECT_APPREHENDED_AND_FUNDS_FROZEN,92772.44,0,v2.2-xgboost-conformal
DR-2026-1769,CMP-HYD-00769,ATM-HYD-0055,ATM-HYD-0055,2026-05-04 16:12:00,INTERCEPTED,2026-05-04 16:31:00,SUSPECT_APPREHENDED_AND_FUNDS_FROZEN,21607.64,0,v2.2-xgboost-conformal
DR-2026-1770,CMP-HYD-00770,ATM-HYD-0341,ATM-HYD-0122,2026-09-04 23:37:00,DISPATCHED_MISSED,2026-09-05 00:06:00,DIFFERENT_ATM_USED,0.0,1,v2.2-xgboost-conformal
DR-2026-1771,CMP-HYD-00771,ATM-HYD-0217,ATM-HYD-0217,2026-08-25 10:53:00,INTERCEPTED,2026-08-25 11:19:00,SUSPECT_APPREHENDED_AND_FUNDS_FROZEN,46256.95,0,v2.2-xgboost-conformal
DR-2026-1772,CMP-HYD-00772,ATM-HYD-0265,ATM-HYD-0265,2026-09-01 14:15:00,INTERCEPTED,2026-09-01 14:46:00,CASH_WITHDRAWAL_PREVENTED,45164.54,0,v2.2-xgboost-conformal
DR-2026-1773,CMP-HYD-00773,ATM-HYD-0518,ATM-HYD-0518,2026-05-08 18:13:00,INTERCEPTED,2026-05-08 18:44:00,SUSPECT_APPREHENDED_AND_FUNDS_FROZEN,14700.41,0,v2.2-xgboost-conformal
DR-2026-1774,CMP-HYD-00774,ATM-HYD-0501,ATM-HYD-0501,2026-03-26 20:15:00,INTERCEPTED,2026-03-26 20:35:00,CASH_WITHDRAWAL_PREVENTED,21972.9,0,v2.2-xgboost-conformal
DR-2026-1775,CMP-HYD-00775,ATM-HYD-0008,ATM-HYD-0008,2026-03-21 17:44:00,INTERCEPTED,2026-03-21 18:28:00,SUSPECT_APPREHENDED_AND_FUNDS_FROZEN,77239.11,0,v2.2-xgboost-conformal
DR-2026-1776,CMP-HYD-00776,ATM-HYD-0094,ATM-HYD-0094,2026-07-16 17:29:00,INTERCEPTED,2026-07-16 18:18:00,CASH_WITHDRAWAL_PREVENTED,184112.7,0,v2.2-xgboost-conformal
DR-2026-1777,CMP-HYD-00777,ATM-HYD-0398,ATM-HYD-0398,2026-01-17 05:09:00,INTERCEPTED,2026-01-17 05:44:00,SUSPECT_APPREHENDED_AND_FUNDS_FROZEN,22769.97,0,v2.2-xgboost-conformal
DR-2026-1778,CMP-HYD-00778,ATM-HYD-0267,ATM-HYD-0267,2026-02-24 05:12:00,INTERCEPTED,2026-02-24 05:49:00,CASH_WITHDRAWAL_PREVENTED,115393.46,0,v2.2-xgboost-conformal
DR-2026-1779,CMP-HYD-00779,ATM-HYD-0324,ATM-HYD-0324,2026-04-26 06:00:00,INTERCEPTED,2026-04-26 06:30:00,CASH_WITHDRAWAL_PREVENTED,12858.52,0,v2.2-xgboost-conformal
DR-2026-1780,CMP-HYD-00780,ATM-HYD-0228,ATM-HYD-0228,2026-07-16 03:37:00,INTERCEPTED,2026-07-16 04:13:00,SUSPECT_APPREHENDED_AND_FUNDS_FROZEN,193269.49,0,v2.2-xgboost-conformal
DR-2026-1781,CMP-HYD-00781,ATM-HYD-0234,ATM-HYD-0339,2026-01-15 09:42:00,DISPATCHED_MISSED,2026-01-15 10:08:00,OFFICER_ARRIVED_POST_CASHOUT,0.0,1,v2.2-xgboost-conformal
DR-2026-1782,CMP-HYD-00782,ATM-HYD-0452,ATM-HYD-0452,2026-01-07 09:20:00,INTERCEPTED,2026-01-07 09:59:00,CASH_WITHDRAWAL_PREVENTED,14921.49,0,v2.2-xgboost-conformal
DR-2026-1783,CMP-HYD-00783,ATM-HYD-0003,ATM-HYD-0003,2026-05-30 02:14:00,INTERCEPTED,2026-05-30 02:45:00,CASH_WITHDRAWAL_PREVENTED,46493.0,0,v2.2-xgboost-conformal
DR-2026-1784,CMP-HYD-00784,ATM-HYD-0445,ATM-HYD-0445,2026-03-21 13:05:00,INTERCEPTED,2026-03-21 13:53:00,SUSPECT_APPREHENDED_AND_FUNDS_FROZEN,13351.65,0,v2.2-xgboost-conformal
DR-2026-1785,CMP-HYD-00785,ATM-HYD-0403,ATM-HYD-0049,2026-02-10 18:35:00,DISPATCHED_MISSED,2026-02-10 18:59:00,OFFICER_ARRIVED_POST_CASHOUT,0.0,1,v2.2-xgboost-conformal
DR-2026-1786,CMP-HYD-00786,ATM-HYD-0014,ATM-HYD-0014,2026-04-15 00:43:00,INTERCEPTED,2026-04-15 01:21:00,SUSPECT_APPREHENDED_AND_FUNDS_FROZEN,48908.6,0,v2.2-xgboost-conformal
DR-2026-1787,CMP-HYD-00787,ATM-HYD-0382,ATM-HYD-0382,2026-03-30 04:25:00,INTERCEPTED,2026-03-30 05:02:00,SUSPECT_APPREHENDED_AND_FUNDS_FROZEN,73669.18,0,v2.2-xgboost-conformal
DR-2026-1788,CMP-HYD-00788,ATM-HYD-0436,ATM-HYD-0407,2026-06-26 04:36:00,DISPATCHED_MISSED,2026-06-26 05:31:00,DIFFERENT_ATM_USED,0.0,1,v2.2-xgboost-conformal
DR-2026-1789,CMP-HYD-00789,ATM-HYD-0303,ATM-HYD-0303,2026-09-03 03:36:00,INTERCEPTED,2026-09-03 04:16:00,CASH_WITHDRAWAL_PREVENTED,81911.75,0,v2.2-xgboost-conformal
DR-2026-1790,CMP-HYD-00790,ATM-HYD-0272,ATM-HYD-0007,2026-06-18 16:43:00,DISPATCHED_MISSED,2026-06-18 17:11:00,DIFFERENT_ATM_USED,0.0,1,v2.2-xgboost-conformal
DR-2026-1791,CMP-HYD-00791,ATM-HYD-0240,ATM-HYD-0240,2026-04-21 14:10:00,INTERCEPTED,2026-04-21 15:01:00,SUSPECT_APPREHENDED_AND_FUNDS_FROZEN,13016.88,0,v2.2-xgboost-conformal
DR-2026-1792,CMP-HYD-00792,ATM-HYD-0430,ATM-HYD-0405,2026-07-21 16:04:00,DISPATCHED_MISSED,2026-07-21 16:32:00,OFFICER_ARRIVED_POST_CASHOUT,0.0,1,v2.2-xgboost-conformal
DR-2026-1793,CMP-HYD-00793,ATM-HYD-0379,ATM-HYD-0165,2026-07-19 07:41:00,DISPATCHED_MISSED,2026-07-19 08:31:00,OFFICER_ARRIVED_POST_CASHOUT,0.0,1,v2.2-xgboost-conformal
DR-2026-1794,CMP-HYD-00794,ATM-HYD-0239,ATM-HYD-0239,2026-01-06 02:36:00,INTERCEPTED,2026-01-06 03:27:00,CASH_WITHDRAWAL_PREVENTED,117132.74,0,v2.2-xgboost-conformal
DR-2026-1795,CMP-HYD-00795,ATM-HYD-0473,ATM-HYD-0278,2026-07-16 22:49:00,DISPATCHED_MISSED,2026-07-16 23:17:00,DIFFERENT_ATM_USED,0.0,1,v2.2-xgboost-conformal
DR-2026-1796,CMP-HYD-00796,ATM-HYD-0245,ATM-HYD-0245,2026-01-25 12:30:00,INTERCEPTED,2026-01-25 12:46:00,SUSPECT_APPREHENDED_AND_FUNDS_FROZEN,85944.44,0,v2.2-xgboost-conformal
DR-2026-1797,CMP-HYD-00797,ATM-HYD-0250,ATM-HYD-0196,2026-05-25 04:14:00,DISPATCHED_MISSED,2026-05-25 04:33:00,OFFICER_ARRIVED_POST_CASHOUT,0.0,1,v2.2-xgboost-conformal
DR-2026-1798,CMP-HYD-00798,ATM-HYD-0505,ATM-HYD-0422,2026-01-10 08:00:00,DISPATCHED_MISSED,2026-01-10 08:24:00,DIFFERENT_ATM_USED,0.0,1,v2.2-xgboost-conformal
DR-2026-1799,CMP-HYD-00799,ATM-HYD-0249,ATM-HYD-0317,2026-01-12 15:44:00,DISPATCHED_MISSED,2026-01-12 16:34:00,OFFICER_ARRIVED_POST_CASHOUT,0.0,1,v2.2-xgboost-conformal
DR-2026-1800,CMP-HYD-00800,ATM-HYD-0394,ATM-HYD-0394,2026-01-01 13:44:00,INTERCEPTED,2026-01-01 14:10:00,CASH_WITHDRAWAL_PREVENTED,81838.77,0,v2.2-xgboost-conformal
DR-2026-1801,CMP-HYD-00801,ATM-HYD-0312,ATM-HYD-0215,2026-07-07 05:12:00,DISPATCHED_MISSED,2026-07-07 05:56:00,DIFFERENT_ATM_USED,0.0,1,v2.2-xgboost-conformal
DR-2026-1802,CMP-HYD-00802,ATM-HYD-0093,ATM-HYD-0093,2026-05-02 12:00:00,INTERCEPTED,2026-05-02 12:30:00,SUSPECT_APPREHENDED_AND_FUNDS_FROZEN,40884.98,0,v2.2-xgboost-conformal
DR-2026-1803,CMP-HYD-00803,ATM-HYD-0332,ATM-HYD-0332,2026-07-02 16:45:00,INTERCEPTED,2026-07-02 17:37:00,SUSPECT_APPREHENDED_AND_FUNDS_FROZEN,83036.43,0,v2.2-xgboost-conformal
DR-2026-1804,CMP-HYD-00804,ATM-HYD-0421,ATM-HYD-0421,2026-09-02 14:27:00,INTERCEPTED,2026-09-02 15:16:00,SUSPECT_APPREHENDED_AND_FUNDS_FROZEN,44473.96,0,v2.2-xgboost-conformal
DR-2026-1805,CMP-HYD-00805,ATM-HYD-0261,ATM-HYD-0002,2026-08-12 18:07:00,DISPATCHED_MISSED,2026-08-12 18:33:00,OFFICER_ARRIVED_POST_CASHOUT,0.0,1,v2.2-xgboost-conformal
DR-2026-1806,CMP-HYD-00806,ATM-HYD-0332,ATM-HYD-0332,2026-03-03 01:32:00,INTERCEPTED,2026-03-03 02:18:00,SUSPECT_APPREHENDED_AND_FUNDS_FROZEN,38030.05,0,v2.2-xgboost-conformal
DR-2026-1807,CMP-HYD-00807,ATM-HYD-0150,ATM-HYD-0371,2026-08-06 06:08:00,DISPATCHED_MISSED,2026-08-06 06:37:00,OFFICER_ARRIVED_POST_CASHOUT,0.0,1,v2.2-xgboost-conformal
DR-2026-1808,CMP-HYD-00808,ATM-HYD-0158,ATM-HYD-0158,2026-01-09 00:49:00,INTERCEPTED,2026-01-09 01:16:00,CASH_WITHDRAWAL_PREVENTED,13353.86,0,v2.2-xgboost-conformal
DR-2026-1809,CMP-HYD-00809,ATM-HYD-0214,ATM-HYD-0214,2026-07-20 17:41:00,INTERCEPTED,2026-07-20 18:31:00,CASH_WITHDRAWAL_PREVENTED,144021.68,0,v2.2-xgboost-conformal
DR-2026-1810,CMP-HYD-00810,ATM-HYD-0313,ATM-HYD-0313,2026-01-22 17:52:00,INTERCEPTED,2026-01-22 18:35:00,SUSPECT_APPREHENDED_AND_FUNDS_FROZEN,40165.84,0,v2.2-xgboost-conformal
DR-2026-1811,CMP-HYD-00811,ATM-HYD-0303,ATM-HYD-0303,2026-01-11 16:27:00,INTERCEPTED,2026-01-11 17:19:00,SUSPECT_APPREHENDED_AND_FUNDS_FROZEN,140183.98,0,v2.2-xgboost-conformal
DR-2026-1812,CMP-HYD-00812,ATM-HYD-0410,ATM-HYD-0410,2026-04-07 18:07:00,INTERCEPTED,2026-04-07 18:54:00,CASH_WITHDRAWAL_PREVENTED,119726.12,0,v2.2-xgboost-conformal
DR-2026-1813,CMP-HYD-00813,ATM-HYD-0271,ATM-HYD-0038,2026-01-14 13:13:00,DISPATCHED_MISSED,2026-01-14 13:52:00,OFFICER_ARRIVED_POST_CASHOUT,0.0,1,v2.2-xgboost-conformal
DR-2026-1814,CMP-HYD-00814,ATM-HYD-0418,ATM-HYD-0418,2026-08-10 12:16:00,INTERCEPTED,2026-08-10 12:57:00,SUSPECT_APPREHENDED_AND_FUNDS_FROZEN,21681.67,0,v2.2-xgboost-conformal
DR-2026-1815,CMP-HYD-00815,ATM-HYD-0181,ATM-HYD-0290,2026-07-03 06:33:00,DISPATCHED_MISSED,2026-07-03 07:16:00,DIFFERENT_ATM_USED,0.0,1,v2.2-xgboost-conformal
DR-2026-1816,CMP-HYD-00816,ATM-HYD-0026,ATM-HYD-0291,2026-03-18 05:01:00,DISPATCHED_MISSED,2026-03-18 05:19:00,OFFICER_ARRIVED_POST_CASHOUT,0.0,1,v2.2-xgboost-conformal
DR-2026-1817,CMP-HYD-00817,ATM-HYD-0205,ATM-HYD-0205,2026-08-31 20:24:00,INTERCEPTED,2026-08-31 20:39:00,CASH_WITHDRAWAL_PREVENTED,82155.33,0,v2.2-xgboost-conformal
DR-2026-1818,CMP-HYD-00818,ATM-HYD-0027,ATM-HYD-0027,2026-06-21 02:30:00,INTERCEPTED,2026-06-21 02:47:00,SUSPECT_APPREHENDED_AND_FUNDS_FROZEN,12823.94,0,v2.2-xgboost-conformal
DR-2026-1819,CMP-HYD-00819,ATM-HYD-0499,ATM-HYD-0499,2026-02-15 08:21:00,INTERCEPTED,2026-02-15 08:37:00,SUSPECT_APPREHENDED_AND_FUNDS_FROZEN,187906.28,0,v2.2-xgboost-conformal
DR-2026-1820,CMP-HYD-00820,ATM-HYD-0232,ATM-HYD-0232,2026-08-01 16:16:00,INTERCEPTED,2026-08-01 16:42:00,SUSPECT_APPREHENDED_AND_FUNDS_FROZEN,44425.72,0,v2.2-xgboost-conformal
DR-2026-1821,CMP-HYD-00821,ATM-HYD-0377,ATM-HYD-0377,2026-01-13 19:12:00,INTERCEPTED,2026-01-13 19:52:00,SUSPECT_APPREHENDED_AND_FUNDS_FROZEN,178610.44,0,v2.2-xgboost-conformal
DR-2026-1822,CMP-HYD-00822,ATM-HYD-0337,ATM-HYD-0337,2026-05-08 10:24:00,INTERCEPTED,2026-05-08 10:44:00,CASH_WITHDRAWAL_PREVENTED,196345.12,0,v2.2-xgboost-conformal
DR-2026-1823,CMP-HYD-00823,ATM-HYD-0399,ATM-HYD-0157,2026-03-27 13:07:00,DISPATCHED_MISSED,2026-03-27 13:28:00,OFFICER_ARRIVED_POST_CASHOUT,0.0,1,v2.2-xgboost-conformal
DR-2026-1824,CMP-HYD-00824,ATM-HYD-0235,ATM-HYD-0235,2026-08-14 19:43:00,INTERCEPTED,2026-08-14 20:30:00,CASH_WITHDRAWAL_PREVENTED,12783.38,0,v2.2-xgboost-conformal
DR-2026-1825,CMP-HYD-00825,ATM-HYD-0215,ATM-HYD-0215,2026-05-03 10:53:00,INTERCEPTED,2026-05-03 11:48:00,SUSPECT_APPREHENDED_AND_FUNDS_FROZEN,183647.25,0,v2.2-xgboost-conformal
DR-2026-1826,CMP-HYD-00826,ATM-HYD-0096,ATM-HYD-0096,2026-01-20 02:16:00,INTERCEPTED,2026-01-20 02:50:00,SUSPECT_APPREHENDED_AND_FUNDS_FROZEN,106619.79,0,v2.2-xgboost-conformal
DR-2026-1827,CMP-HYD-00827,ATM-HYD-0220,ATM-HYD-0220,2026-09-05 23:02:00,INTERCEPTED,2026-09-05 23:33:00,SUSPECT_APPREHENDED_AND_FUNDS_FROZEN,119646.9,0,v2.2-xgboost-conformal
DR-2026-1828,CMP-HYD-00828,ATM-HYD-0237,ATM-HYD-0237,2026-07-29 00:24:00,INTERCEPTED,2026-07-29 00:56:00,CASH_WITHDRAWAL_PREVENTED,22197.35,0,v2.2-xgboost-conformal
DR-2026-1829,CMP-HYD-00829,ATM-HYD-0087,ATM-HYD-0087,2026-04-22 18:06:00,INTERCEPTED,2026-04-22 18:29:00,SUSPECT_APPREHENDED_AND_FUNDS_FROZEN,39450.66,0,v2.2-xgboost-conformal
DR-2026-1830,CMP-HYD-00830,ATM-HYD-0202,ATM-HYD-0202,2026-08-18 17:00:00,INTERCEPTED,2026-08-18 17:53:00,SUSPECT_APPREHENDED_AND_FUNDS_FROZEN,73330.68,0,v2.2-xgboost-conformal
DR-2026-1831,CMP-HYD-00831,ATM-HYD-0054,ATM-HYD-0054,2026-01-14 03:42:00,INTERCEPTED,2026-01-14 04:35:00,CASH_WITHDRAWAL_PREVENTED,23040.89,0,v2.2-xgboost-conformal
DR-2026-1832,CMP-HYD-00832,ATM-HYD-0298,ATM-HYD-0298,2026-05-30 05:25:00,INTERCEPTED,2026-05-30 05:44:00,CASH_WITHDRAWAL_PREVENTED,78439.78,0,v2.2-xgboost-conformal
DR-2026-1833,CMP-HYD-00833,ATM-HYD-0096,ATM-HYD-0096,2026-05-29 12:40:00,INTERCEPTED,2026-05-29 13:26:00,SUSPECT_APPREHENDED_AND_FUNDS_FROZEN,82624.97,0,v2.2-xgboost-conformal
DR-2026-1834,CMP-HYD-00834,ATM-HYD-0237,ATM-HYD-0237,2026-07-19 04:49:00,INTERCEPTED,2026-07-19 05:27:00,CASH_WITHDRAWAL_PREVENTED,75972.05,0,v2.2-xgboost-conformal
DR-2026-1835,CMP-HYD-00835,ATM-HYD-0214,ATM-HYD-0214,2026-06-14 14:11:00,INTERCEPTED,2026-06-14 14:40:00,SUSPECT_APPREHENDED_AND_FUNDS_FROZEN,13718.06,0,v2.2-xgboost-conformal
DR-2026-1836,CMP-HYD-00836,ATM-HYD-0362,ATM-HYD-0362,2026-08-03 09:52:00,INTERCEPTED,2026-08-03 10:15:00,SUSPECT_APPREHENDED_AND_FUNDS_FROZEN,13305.67,0,v2.2-xgboost-conformal
DR-2026-1837,CMP-HYD-00837,ATM-HYD-0184,ATM-HYD-0184,2026-06-01 11:34:00,INTERCEPTED,2026-06-01 11:56:00,CASH_WITHDRAWAL_PREVENTED,113221.83,0,v2.2-xgboost-conformal
DR-2026-1838,CMP-HYD-00838,ATM-HYD-0007,ATM-HYD-0007,2026-07-16 06:51:00,INTERCEPTED,2026-07-16 07:37:00,CASH_WITHDRAWAL_PREVENTED,38179.28,0,v2.2-xgboost-conformal
DR-2026-1839,CMP-HYD-00839,ATM-HYD-0278,ATM-HYD-0516,2026-06-10 01:54:00,DISPATCHED_MISSED,2026-06-10 02:16:00,OFFICER_ARRIVED_POST_CASHOUT,0.0,1,v2.2-xgboost-conformal
DR-2026-1840,CMP-HYD-00840,ATM-HYD-0004,ATM-HYD-0306,2026-02-21 02:05:00,DISPATCHED_MISSED,2026-02-21 02:43:00,OFFICER_ARRIVED_POST_CASHOUT,0.0,1,v2.2-xgboost-conformal
DR-2026-1841,CMP-HYD-00841,ATM-HYD-0146,ATM-HYD-0146,2026-08-08 23:20:00,INTERCEPTED,2026-08-08 23:49:00,CASH_WITHDRAWAL_PREVENTED,23359.52,0,v2.2-xgboost-conformal
DR-2026-1842,CMP-HYD-00842,ATM-HYD-0007,ATM-HYD-0216,2026-01-05 15:28:00,DISPATCHED_MISSED,2026-01-05 16:15:00,OFFICER_ARRIVED_POST_CASHOUT,0.0,1,v2.2-xgboost-conformal
DR-2026-1843,CMP-HYD-00843,ATM-HYD-0247,ATM-HYD-0247,2026-07-05 20:52:00,INTERCEPTED,2026-07-05 21:38:00,SUSPECT_APPREHENDED_AND_FUNDS_FROZEN,132847.25,0,v2.2-xgboost-conformal
DR-2026-1844,CMP-HYD-00844,ATM-HYD-0464,ATM-HYD-0464,2026-09-06 06:12:00,INTERCEPTED,2026-09-06 06:54:00,CASH_WITHDRAWAL_PREVENTED,22215.26,0,v2.2-xgboost-conformal
DR-2026-1845,CMP-HYD-00845,ATM-HYD-0413,ATM-HYD-0413,2026-01-03 06:54:00,INTERCEPTED,2026-01-03 07:33:00,SUSPECT_APPREHENDED_AND_FUNDS_FROZEN,146078.42,0,v2.2-xgboost-conformal
DR-2026-1846,CMP-HYD-00846,ATM-HYD-0428,ATM-HYD-0428,2026-02-01 06:13:00,INTERCEPTED,2026-02-01 06:51:00,CASH_WITHDRAWAL_PREVENTED,112440.89,0,v2.2-xgboost-conformal
DR-2026-1847,CMP-HYD-00847,ATM-HYD-0215,ATM-HYD-0215,2026-09-07 03:27:00,INTERCEPTED,2026-09-07 03:46:00,SUSPECT_APPREHENDED_AND_FUNDS_FROZEN,14258.66,0,v2.2-xgboost-conformal
DR-2026-1848,CMP-HYD-00848,ATM-HYD-0303,ATM-HYD-0334,2026-02-13 05:04:00,DISPATCHED_MISSED,2026-02-13 05:50:00,DIFFERENT_ATM_USED,0.0,1,v2.2-xgboost-conformal
DR-2026-1849,CMP-HYD-00849,ATM-HYD-0372,ATM-HYD-0372,2026-03-29 23:53:00,INTERCEPTED,2026-03-30 00:21:00,SUSPECT_APPREHENDED_AND_FUNDS_FROZEN,186127.07,0,v2.2-xgboost-conformal
DR-2026-1850,CMP-HYD-00850,ATM-HYD-0018,ATM-HYD-0018,2026-01-08 10:14:00,INTERCEPTED,2026-01-08 11:08:00,SUSPECT_APPREHENDED_AND_FUNDS_FROZEN,116112.93,0,v2.2-xgboost-conformal
DR-2026-1851,CMP-HYD-00851,ATM-HYD-0480,ATM-HYD-0480,2026-03-02 12:33:00,INTERCEPTED,2026-03-02 12:48:00,CASH_WITHDRAWAL_PREVENTED,136785.57,0,v2.2-xgboost-conformal
DR-2026-1852,CMP-HYD-00852,ATM-HYD-0210,ATM-HYD-0097,2026-04-11 21:55:00,DISPATCHED_MISSED,2026-04-11 22:24:00,DIFFERENT_ATM_USED,0.0,1,v2.2-xgboost-conformal
DR-2026-1853,CMP-HYD-00853,ATM-HYD-0444,ATM-HYD-0444,2026-05-27 04:20:00,INTERCEPTED,2026-05-27 04:46:00,CASH_WITHDRAWAL_PREVENTED,24784.95,0,v2.2-xgboost-conformal
DR-2026-1854,CMP-HYD-00854,ATM-HYD-0477,ATM-HYD-0477,2026-09-01 05:08:00,INTERCEPTED,2026-09-01 05:33:00,SUSPECT_APPREHENDED_AND_FUNDS_FROZEN,13217.44,0,v2.2-xgboost-conformal
DR-2026-1855,CMP-HYD-00855,ATM-HYD-0401,ATM-HYD-0110,2026-08-05 23:39:00,DISPATCHED_MISSED,2026-08-06 00:27:00,DIFFERENT_ATM_USED,0.0,1,v2.2-xgboost-conformal
DR-2026-1856,CMP-HYD-00856,ATM-HYD-0063,ATM-HYD-0063,2026-04-25 12:30:00,INTERCEPTED,2026-04-25 13:15:00,SUSPECT_APPREHENDED_AND_FUNDS_FROZEN,102219.11,0,v2.2-xgboost-conformal
DR-2026-1857,CMP-HYD-00857,ATM-HYD-0373,ATM-HYD-0278,2026-02-08 19:36:00,DISPATCHED_MISSED,2026-02-08 20:31:00,OFFICER_ARRIVED_POST_CASHOUT,0.0,1,v2.2-xgboost-conformal
DR-2026-1858,CMP-HYD-00858,ATM-HYD-0352,ATM-HYD-0352,2026-06-24 20:50:00,INTERCEPTED,2026-06-24 21:30:00,CASH_WITHDRAWAL_PREVENTED,39852.65,0,v2.2-xgboost-conformal
DR-2026-1859,CMP-HYD-00859,ATM-HYD-0170,ATM-HYD-0354,2026-06-22 03:10:00,DISPATCHED_MISSED,2026-06-22 03:34:00,DIFFERENT_ATM_USED,0.0,1,v2.2-xgboost-conformal
DR-2026-1860,CMP-HYD-00860,ATM-HYD-0290,ATM-HYD-0290,2026-02-17 20:15:00,INTERCEPTED,2026-02-17 20:56:00,SUSPECT_APPREHENDED_AND_FUNDS_FROZEN,84202.11,0,v2.2-xgboost-conformal
DR-2026-1861,CMP-HYD-00861,ATM-HYD-0313,ATM-HYD-0313,2026-04-14 05:16:00,INTERCEPTED,2026-04-14 06:06:00,SUSPECT_APPREHENDED_AND_FUNDS_FROZEN,82795.25,0,v2.2-xgboost-conformal
DR-2026-1862,CMP-HYD-00862,ATM-HYD-0166,ATM-HYD-0166,2026-08-11 22:14:00,INTERCEPTED,2026-08-11 22:29:00,SUSPECT_APPREHENDED_AND_FUNDS_FROZEN,43945.68,0,v2.2-xgboost-conformal
DR-2026-1863,CMP-HYD-00863,ATM-HYD-0016,ATM-HYD-0016,2026-03-09 12:54:00,INTERCEPTED,2026-03-09 13:36:00,CASH_WITHDRAWAL_PREVENTED,192004.07,0,v2.2-xgboost-conformal
DR-2026-1864,CMP-HYD-00864,ATM-HYD-0049,ATM-HYD-0049,2026-08-26 03:58:00,INTERCEPTED,2026-08-26 04:28:00,SUSPECT_APPREHENDED_AND_FUNDS_FROZEN,21278.99,0,v2.2-xgboost-conformal
DR-2026-1865,CMP-HYD-00865,ATM-HYD-0290,ATM-HYD-0290,2026-04-27 03:20:00,INTERCEPTED,2026-04-27 04:03:00,CASH_WITHDRAWAL_PREVENTED,84331.77,0,v2.2-xgboost-conformal
DR-2026-1866,CMP-HYD-00866,ATM-HYD-0477,ATM-HYD-0477,2026-01-05 19:17:00,INTERCEPTED,2026-01-05 19:46:00,CASH_WITHDRAWAL_PREVENTED,14546.44,0,v2.2-xgboost-conformal
DR-2026-1867,CMP-HYD-00867,ATM-HYD-0495,ATM-HYD-0495,2026-05-02 17:03:00,INTERCEPTED,2026-05-02 17:42:00,CASH_WITHDRAWAL_PREVENTED,189018.66,0,v2.2-xgboost-conformal
DR-2026-1868,CMP-HYD-00868,ATM-HYD-0478,ATM-HYD-0478,2026-07-27 13:26:00,INTERCEPTED,2026-07-27 14:05:00,SUSPECT_APPREHENDED_AND_FUNDS_FROZEN,175452.55,0,v2.2-xgboost-conformal
DR-2026-1869,CMP-HYD-00869,ATM-HYD-0448,ATM-HYD-0448,2026-07-09 21:17:00,INTERCEPTED,2026-07-09 22:06:00,SUSPECT_APPREHENDED_AND_FUNDS_FROZEN,90729.92,0,v2.2-xgboost-conformal
DR-2026-1870,CMP-HYD-00870,ATM-HYD-0412,ATM-HYD-0412,2026-09-05 02:51:00,INTERCEPTED,2026-09-05 03:25:00,CASH_WITHDRAWAL_PREVENTED,23285.66,0,v2.2-xgboost-conformal
DR-2026-1871,CMP-HYD-00871,ATM-HYD-0350,ATM-HYD-0192,2026-02-03 20:56:00,DISPATCHED_MISSED,2026-02-03 21:35:00,OFFICER_ARRIVED_POST_CASHOUT,0.0,1,v2.2-xgboost-conformal
DR-2026-1872,CMP-HYD-00872,ATM-HYD-0197,ATM-HYD-0171,2026-03-14 16:33:00,DISPATCHED_MISSED,2026-03-14 17:21:00,DIFFERENT_ATM_USED,0.0,1,v2.2-xgboost-conformal
DR-2026-1873,CMP-HYD-00873,ATM-HYD-0281,ATM-HYD-0281,2026-02-08 23:00:00,INTERCEPTED,2026-02-08 23:24:00,CASH_WITHDRAWAL_PREVENTED,106364.28,0,v2.2-xgboost-conformal
DR-2026-1874,CMP-HYD-00874,ATM-HYD-0157,ATM-HYD-0157,2026-02-18 02:08:00,INTERCEPTED,2026-02-18 03:00:00,SUSPECT_APPREHENDED_AND_FUNDS_FROZEN,35941.22,0,v2.2-xgboost-conformal
DR-2026-1875,CMP-HYD-00875,ATM-HYD-0514,ATM-HYD-0016,2026-07-03 17:29:00,DISPATCHED_MISSED,2026-07-03 18:02:00,OFFICER_ARRIVED_POST_CASHOUT,0.0,1,v2.2-xgboost-conformal
DR-2026-1876,CMP-HYD-00876,ATM-HYD-0204,ATM-HYD-0204,2026-06-10 08:30:00,INTERCEPTED,2026-06-10 09:19:00,CASH_WITHDRAWAL_PREVENTED,198113.02,0,v2.2-xgboost-conformal
DR-2026-1877,CMP-HYD-00877,ATM-HYD-0149,ATM-HYD-0149,2026-08-11 05:45:00,INTERCEPTED,2026-08-11 06:23:00,CASH_WITHDRAWAL_PREVENTED,178594.83,0,v2.2-xgboost-conformal
DR-2026-1878,CMP-HYD-00878,ATM-HYD-0358,ATM-HYD-0358,2026-07-09 13:56:00,INTERCEPTED,2026-07-09 14:37:00,CASH_WITHDRAWAL_PREVENTED,43583.33,0,v2.2-xgboost-conformal
DR-2026-1879,CMP-HYD-00879,ATM-HYD-0283,ATM-HYD-0156,2026-07-22 18:54:00,DISPATCHED_MISSED,2026-07-22 19:30:00,DIFFERENT_ATM_USED,0.0,1,v2.2-xgboost-conformal
DR-2026-1880,CMP-HYD-00880,ATM-HYD-0400,ATM-HYD-0400,2026-03-08 08:36:00,INTERCEPTED,2026-03-08 09:12:00,CASH_WITHDRAWAL_PREVENTED,81334.59,0,v2.2-xgboost-conformal
DR-2026-1881,CMP-HYD-00881,ATM-HYD-0161,ATM-HYD-0161,2026-03-26 07:42:00,INTERCEPTED,2026-03-26 08:00:00,SUSPECT_APPREHENDED_AND_FUNDS_FROZEN,13023.92,0,v2.2-xgboost-conformal
DR-2026-1882,CMP-HYD-00882,ATM-HYD-0153,ATM-HYD-0153,2026-02-03 04:01:00,INTERCEPTED,2026-02-03 04:44:00,SUSPECT_APPREHENDED_AND_FUNDS_FROZEN,45543.01,0,v2.2-xgboost-conformal
DR-2026-1883,CMP-HYD-00883,ATM-HYD-0080,ATM-HYD-0080,2026-06-05 21:56:00,INTERCEPTED,2026-06-05 22:32:00,SUSPECT_APPREHENDED_AND_FUNDS_FROZEN,147242.75,0,v2.2-xgboost-conformal
DR-2026-1884,CMP-HYD-00884,ATM-HYD-0396,ATM-HYD-0396,2026-02-21 00:17:00,INTERCEPTED,2026-02-21 01:03:00,SUSPECT_APPREHENDED_AND_FUNDS_FROZEN,14230.3,0,v2.2-xgboost-conformal
DR-2026-1885,CMP-HYD-00885,ATM-HYD-0328,ATM-HYD-0328,2026-01-06 04:41:00,INTERCEPTED,2026-01-06 05:08:00,SUSPECT_APPREHENDED_AND_FUNDS_FROZEN,22722.53,0,v2.2-xgboost-conformal
DR-2026-1886,CMP-HYD-00886,ATM-HYD-0012,ATM-HYD-0012,2026-06-06 06:58:00,INTERCEPTED,2026-06-06 07:37:00,CASH_WITHDRAWAL_PREVENTED,13292.82,0,v2.2-xgboost-conformal
DR-2026-1887,CMP-HYD-00887,ATM-HYD-0267,ATM-HYD-0267,2026-02-23 05:07:00,INTERCEPTED,2026-02-23 06:01:00,SUSPECT_APPREHENDED_AND_FUNDS_FROZEN,21573.25,0,v2.2-xgboost-conformal
DR-2026-1888,CMP-HYD-00888,ATM-HYD-0001,ATM-HYD-0001,2026-01-31 19:46:00,INTERCEPTED,2026-01-31 20:28:00,CASH_WITHDRAWAL_PREVENTED,14724.54,0,v2.2-xgboost-conformal
DR-2026-1889,CMP-HYD-00889,ATM-HYD-0204,ATM-HYD-0029,2026-02-23 17:00:00,DISPATCHED_MISSED,2026-02-23 17:46:00,OFFICER_ARRIVED_POST_CASHOUT,0.0,1,v2.2-xgboost-conformal
DR-2026-1890,CMP-HYD-00890,ATM-HYD-0303,ATM-HYD-0303,2026-06-10 16:08:00,INTERCEPTED,2026-06-10 16:44:00,SUSPECT_APPREHENDED_AND_FUNDS_FROZEN,117535.12,0,v2.2-xgboost-conformal
DR-2026-1891,CMP-HYD-00891,ATM-HYD-0020,ATM-HYD-0020,2026-07-27 23:47:00,INTERCEPTED,2026-07-28 00:20:00,SUSPECT_APPREHENDED_AND_FUNDS_FROZEN,22678.17,0,v2.2-xgboost-conformal
DR-2026-1892,CMP-HYD-00892,ATM-HYD-0080,ATM-HYD-0080,2026-02-06 08:12:00,INTERCEPTED,2026-02-06 09:01:00,SUSPECT_APPREHENDED_AND_FUNDS_FROZEN,23777.02,0,v2.2-xgboost-conformal
DR-2026-1893,CMP-HYD-00893,ATM-HYD-0284,ATM-HYD-0284,2026-05-04 01:27:00,INTERCEPTED,2026-05-04 01:43:00,SUSPECT_APPREHENDED_AND_FUNDS_FROZEN,37999.92,0,v2.2-xgboost-conformal
DR-2026-1894,CMP-HYD-00894,ATM-HYD-0398,ATM-HYD-0398,2026-02-28 04:08:00,INTERCEPTED,2026-02-28 04:51:00,CASH_WITHDRAWAL_PREVENTED,108163.3,0,v2.2-xgboost-conformal
DR-2026-1895,CMP-HYD-00895,ATM-HYD-0212,ATM-HYD-0456,2026-08-21 12:31:00,DISPATCHED_MISSED,2026-08-21 13:12:00,OFFICER_ARRIVED_POST_CASHOUT,0.0,1,v2.2-xgboost-conformal
DR-2026-1896,CMP-HYD-00896,ATM-HYD-0260,ATM-HYD-0260,2026-05-03 03:08:00,INTERCEPTED,2026-05-03 03:39:00,SUSPECT_APPREHENDED_AND_FUNDS_FROZEN,84586.28,0,v2.2-xgboost-conformal
DR-2026-1897,CMP-HYD-00897,ATM-HYD-0383,ATM-HYD-0383,2026-02-28 03:28:00,INTERCEPTED,2026-02-28 04:21:00,CASH_WITHDRAWAL_PREVENTED,198401.39,0,v2.2-xgboost-conformal
DR-2026-1898,CMP-HYD-00898,ATM-HYD-0520,ATM-HYD-0133,2026-06-30 01:29:00,DISPATCHED_MISSED,2026-06-30 02:15:00,OFFICER_ARRIVED_POST_CASHOUT,0.0,1,v2.2-xgboost-conformal
DR-2026-1899,CMP-HYD-00899,ATM-HYD-0379,ATM-HYD-0379,2026-03-18 06:51:00,INTERCEPTED,2026-03-18 07:34:00,SUSPECT_APPREHENDED_AND_FUNDS_FROZEN,129247.88,0,v2.2-xgboost-conformal
DR-2026-1900,CMP-HYD-00900,ATM-HYD-0075,ATM-HYD-0013,2026-01-08 06:07:00,DISPATCHED_MISSED,2026-01-08 06:40:00,DIFFERENT_ATM_USED,0.0,1,v2.2-xgboost-conformal
DR-2026-1901,CMP-HYD-00901,ATM-HYD-0102,ATM-HYD-0102,2026-04-01 18:04:00,INTERCEPTED,2026-04-01 18:47:00,SUSPECT_APPREHENDED_AND_FUNDS_FROZEN,24396.1,0,v2.2-xgboost-conformal
DR-2026-1902,CMP-HYD-00902,ATM-HYD-0425,ATM-HYD-0321,2026-07-13 02:50:00,DISPATCHED_MISSED,2026-07-13 03:14:00,DIFFERENT_ATM_USED,0.0,1,v2.2-xgboost-conformal
DR-2026-1903,CMP-HYD-00903,ATM-HYD-0122,ATM-HYD-0122,2026-05-27 00:20:00,INTERCEPTED,2026-05-27 00:46:00,SUSPECT_APPREHENDED_AND_FUNDS_FROZEN,72475.5,0,v2.2-xgboost-conformal
DR-2026-1904,CMP-HYD-00904,ATM-HYD-0017,ATM-HYD-0210,2026-05-07 20:14:00,DISPATCHED_MISSED,2026-05-07 21:09:00,DIFFERENT_ATM_USED,0.0,1,v2.2-xgboost-conformal
DR-2026-1905,CMP-HYD-00905,ATM-HYD-0020,ATM-HYD-0020,2026-05-05 09:03:00,INTERCEPTED,2026-05-05 09:23:00,SUSPECT_APPREHENDED_AND_FUNDS_FROZEN,49506.61,0,v2.2-xgboost-conformal
DR-2026-1906,CMP-HYD-00906,ATM-HYD-0205,ATM-HYD-0205,2026-07-26 00:04:00,INTERCEPTED,2026-07-26 00:52:00,SUSPECT_APPREHENDED_AND_FUNDS_FROZEN,135605.73,0,v2.2-xgboost-conformal
DR-2026-1907,CMP-HYD-00907,ATM-HYD-0170,ATM-HYD-0170,2026-01-28 02:26:00,INTERCEPTED,2026-01-28 03:17:00,SUSPECT_APPREHENDED_AND_FUNDS_FROZEN,39088.83,0,v2.2-xgboost-conformal
DR-2026-1908,CMP-HYD-00908,ATM-HYD-0213,ATM-HYD-0387,2026-06-02 16:56:00,DISPATCHED_MISSED,2026-06-02 17:11:00,DIFFERENT_ATM_USED,0.0,1,v2.2-xgboost-conformal
DR-2026-1909,CMP-HYD-00909,ATM-HYD-0302,ATM-HYD-0302,2026-08-26 12:57:00,INTERCEPTED,2026-08-26 13:31:00,SUSPECT_APPREHENDED_AND_FUNDS_FROZEN,170810.74,0,v2.2-xgboost-conformal
DR-2026-1910,CMP-HYD-00910,ATM-HYD-0257,ATM-HYD-0257,2026-08-27 00:34:00,INTERCEPTED,2026-08-27 01:19:00,SUSPECT_APPREHENDED_AND_FUNDS_FROZEN,148308.16,0,v2.2-xgboost-conformal
DR-2026-1911,CMP-HYD-00911,ATM-HYD-0007,ATM-HYD-0007,2026-07-15 20:42:00,INTERCEPTED,2026-07-15 21:23:00,CASH_WITHDRAWAL_PREVENTED,23358.93,0,v2.2-xgboost-conformal
DR-2026-1912,CMP-HYD-00912,ATM-HYD-0077,ATM-HYD-0444,2026-03-10 01:37:00,DISPATCHED_MISSED,2026-03-10 01:59:00,OFFICER_ARRIVED_POST_CASHOUT,0.0,1,v2.2-xgboost-conformal
DR-2026-1913,CMP-HYD-00913,ATM-HYD-0213,ATM-HYD-0201,2026-03-14 21:57:00,DISPATCHED_MISSED,2026-03-14 22:42:00,OFFICER_ARRIVED_POST_CASHOUT,0.0,1,v2.2-xgboost-conformal
DR-2026-1914,CMP-HYD-00914,ATM-HYD-0155,ATM-HYD-0132,2026-08-02 19:24:00,DISPATCHED_MISSED,2026-08-02 20:18:00,DIFFERENT_ATM_USED,0.0,1,v2.2-xgboost-conformal
DR-2026-1915,CMP-HYD-00915,ATM-HYD-0210,ATM-HYD-0210,2026-02-06 05:59:00,INTERCEPTED,2026-02-06 06:30:00,CASH_WITHDRAWAL_PREVENTED,119875.85,0,v2.2-xgboost-conformal
DR-2026-1916,CMP-HYD-00916,ATM-HYD-0042,ATM-HYD-0194,2026-06-07 01:56:00,DISPATCHED_MISSED,2026-06-07 02:26:00,DIFFERENT_ATM_USED,0.0,1,v2.2-xgboost-conformal
DR-2026-1917,CMP-HYD-00917,ATM-HYD-0238,ATM-HYD-0398,2026-01-19 06:53:00,DISPATCHED_MISSED,2026-01-19 07:30:00,OFFICER_ARRIVED_POST_CASHOUT,0.0,1,v2.2-xgboost-conformal
DR-2026-1918,CMP-HYD-00918,ATM-HYD-0016,ATM-HYD-0016,2026-03-29 05:15:00,INTERCEPTED,2026-03-29 05:38:00,CASH_WITHDRAWAL_PREVENTED,14568.42,0,v2.2-xgboost-conformal
DR-2026-1919,CMP-HYD-00919,ATM-HYD-0240,ATM-HYD-0240,2026-06-07 03:27:00,INTERCEPTED,2026-06-07 04:04:00,SUSPECT_APPREHENDED_AND_FUNDS_FROZEN,22751.31,0,v2.2-xgboost-conformal
DR-2026-1920,CMP-HYD-00920,ATM-HYD-0490,ATM-HYD-0490,2026-02-02 22:16:00,INTERCEPTED,2026-02-02 22:35:00,CASH_WITHDRAWAL_PREVENTED,171029.53,0,v2.2-xgboost-conformal
DR-2026-1921,CMP-HYD-00921,ATM-HYD-0209,ATM-HYD-0209,2026-04-16 16:54:00,INTERCEPTED,2026-04-16 17:47:00,CASH_WITHDRAWAL_PREVENTED,77016.65,0,v2.2-xgboost-conformal
DR-2026-1922,CMP-HYD-00922,ATM-HYD-0155,ATM-HYD-0012,2026-06-28 19:35:00,DISPATCHED_MISSED,2026-06-28 19:57:00,DIFFERENT_ATM_USED,0.0,1,v2.2-xgboost-conformal
DR-2026-1923,CMP-HYD-00923,ATM-HYD-0519,ATM-HYD-0487,2026-07-04 19:43:00,DISPATCHED_MISSED,2026-07-04 20:12:00,OFFICER_ARRIVED_POST_CASHOUT,0.0,1,v2.2-xgboost-conformal
DR-2026-1924,CMP-HYD-00924,ATM-HYD-0297,ATM-HYD-0297,2026-08-02 19:34:00,INTERCEPTED,2026-08-02 20:05:00,CASH_WITHDRAWAL_PREVENTED,44791.91,0,v2.2-xgboost-conformal
DR-2026-1925,CMP-HYD-00925,ATM-HYD-0014,ATM-HYD-0014,2026-01-13 00:38:00,INTERCEPTED,2026-01-13 01:26:00,SUSPECT_APPREHENDED_AND_FUNDS_FROZEN,13506.19,0,v2.2-xgboost-conformal
DR-2026-1926,CMP-HYD-00926,ATM-HYD-0507,ATM-HYD-0507,2026-04-21 15:26:00,INTERCEPTED,2026-04-21 16:15:00,SUSPECT_APPREHENDED_AND_FUNDS_FROZEN,103829.07,0,v2.2-xgboost-conformal
DR-2026-1927,CMP-HYD-00927,ATM-HYD-0488,ATM-HYD-0488,2026-07-20 09:49:00,INTERCEPTED,2026-07-20 10:26:00,SUSPECT_APPREHENDED_AND_FUNDS_FROZEN,140478.91,0,v2.2-xgboost-conformal
DR-2026-1928,CMP-HYD-00928,ATM-HYD-0010,ATM-HYD-0506,2026-03-28 22:18:00,DISPATCHED_MISSED,2026-03-28 22:48:00,OFFICER_ARRIVED_POST_CASHOUT,0.0,1,v2.2-xgboost-conformal
DR-2026-1929,CMP-HYD-00929,ATM-HYD-0155,ATM-HYD-0155,2026-04-20 15:44:00,INTERCEPTED,2026-04-20 16:19:00,CASH_WITHDRAWAL_PREVENTED,137552.62,0,v2.2-xgboost-conformal
DR-2026-1930,CMP-HYD-00930,ATM-HYD-0170,ATM-HYD-0170,2026-05-17 16:40:00,INTERCEPTED,2026-05-17 17:25:00,SUSPECT_APPREHENDED_AND_FUNDS_FROZEN,75326.82,0,v2.2-xgboost-conformal
DR-2026-1931,CMP-HYD-00931,ATM-HYD-0186,ATM-HYD-0385,2026-05-28 19:56:00,DISPATCHED_MISSED,2026-05-28 20:33:00,OFFICER_ARRIVED_POST_CASHOUT,0.0,1,v2.2-xgboost-conformal
DR-2026-1932,CMP-HYD-00932,ATM-HYD-0122,ATM-HYD-0122,2026-08-24 05:03:00,INTERCEPTED,2026-08-24 05:44:00,SUSPECT_APPREHENDED_AND_FUNDS_FROZEN,22525.46,0,v2.2-xgboost-conformal
DR-2026-1933,CMP-HYD-00933,ATM-HYD-0324,ATM-HYD-0324,2026-03-09 16:11:00,INTERCEPTED,2026-03-09 16:39:00,SUSPECT_APPREHENDED_AND_FUNDS_FROZEN,93670.42,0,v2.2-xgboost-conformal
DR-2026-1934,CMP-HYD-00934,ATM-HYD-0375,ATM-HYD-0362,2026-03-15 20:29:00,DISPATCHED_MISSED,2026-03-15 21:03:00,OFFICER_ARRIVED_POST_CASHOUT,0.0,1,v2.2-xgboost-conformal
DR-2026-1935,CMP-HYD-00935,ATM-HYD-0254,ATM-HYD-0254,2026-04-26 14:57:00,INTERCEPTED,2026-04-26 15:22:00,SUSPECT_APPREHENDED_AND_FUNDS_FROZEN,23037.71,0,v2.2-xgboost-conformal
DR-2026-1936,CMP-HYD-00936,ATM-HYD-0216,ATM-HYD-0306,2026-04-01 22:00:00,DISPATCHED_MISSED,2026-04-01 22:17:00,OFFICER_ARRIVED_POST_CASHOUT,0.0,1,v2.2-xgboost-conformal
DR-2026-1937,CMP-HYD-00937,ATM-HYD-0448,ATM-HYD-0448,2026-07-04 17:32:00,INTERCEPTED,2026-07-04 18:14:00,SUSPECT_APPREHENDED_AND_FUNDS_FROZEN,94905.97,0,v2.2-xgboost-conformal
DR-2026-1938,CMP-HYD-00938,ATM-HYD-0386,ATM-HYD-0420,2026-08-04 13:22:00,DISPATCHED_MISSED,2026-08-04 14:03:00,DIFFERENT_ATM_USED,0.0,1,v2.2-xgboost-conformal
DR-2026-1939,CMP-HYD-00939,ATM-HYD-0413,ATM-HYD-0413,2026-04-26 22:50:00,INTERCEPTED,2026-04-26 23:18:00,SUSPECT_APPREHENDED_AND_FUNDS_FROZEN,46966.58,0,v2.2-xgboost-conformal
DR-2026-1940,CMP-HYD-00940,ATM-HYD-0323,ATM-HYD-0323,2026-08-12 17:47:00,INTERCEPTED,2026-08-12 18:29:00,CASH_WITHDRAWAL_PREVENTED,77902.85,0,v2.2-xgboost-conformal
DR-2026-1941,CMP-HYD-00941,ATM-HYD-0515,ATM-HYD-0192,2026-08-03 15:06:00,DISPATCHED_MISSED,2026-08-03 15:22:00,OFFICER_ARRIVED_POST_CASHOUT,0.0,1,v2.2-xgboost-conformal
DR-2026-1942,CMP-HYD-00942,ATM-HYD-0232,ATM-HYD-0232,2026-06-16 07:37:00,INTERCEPTED,2026-06-16 07:59:00,CASH_WITHDRAWAL_PREVENTED,183828.77,0,v2.2-xgboost-conformal
DR-2026-1943,CMP-HYD-00943,ATM-HYD-0331,ATM-HYD-0331,2026-02-14 16:55:00,INTERCEPTED,2026-02-14 17:18:00,SUSPECT_APPREHENDED_AND_FUNDS_FROZEN,48447.74,0,v2.2-xgboost-conformal
DR-2026-1944,CMP-HYD-00944,ATM-HYD-0213,ATM-HYD-0213,2026-06-27 16:24:00,INTERCEPTED,2026-06-27 16:41:00,SUSPECT_APPREHENDED_AND_FUNDS_FROZEN,23226.97,0,v2.2-xgboost-conformal
DR-2026-1945,CMP-HYD-00945,ATM-HYD-0391,ATM-HYD-0391,2026-04-06 12:50:00,INTERCEPTED,2026-04-06 13:20:00,SUSPECT_APPREHENDED_AND_FUNDS_FROZEN,48289.08,0,v2.2-xgboost-conformal
DR-2026-1946,CMP-HYD-00946,ATM-HYD-0127,ATM-HYD-0371,2026-02-19 10:19:00,DISPATCHED_MISSED,2026-02-19 11:02:00,OFFICER_ARRIVED_POST_CASHOUT,0.0,1,v2.2-xgboost-conformal
DR-2026-1947,CMP-HYD-00947,ATM-HYD-0106,ATM-HYD-0106,2026-09-01 23:37:00,INTERCEPTED,2026-09-02 00:23:00,SUSPECT_APPREHENDED_AND_FUNDS_FROZEN,82186.67,0,v2.2-xgboost-conformal
DR-2026-1948,CMP-HYD-00948,ATM-HYD-0224,ATM-HYD-0224,2026-03-18 02:45:00,INTERCEPTED,2026-03-18 03:13:00,CASH_WITHDRAWAL_PREVENTED,83551.03,0,v2.2-xgboost-conformal
DR-2026-1949,CMP-HYD-00949,ATM-HYD-0274,ATM-HYD-0188,2026-07-17 19:30:00,DISPATCHED_MISSED,2026-07-17 19:50:00,DIFFERENT_ATM_USED,0.0,1,v2.2-xgboost-conformal
DR-2026-1950,CMP-HYD-00950,ATM-HYD-0488,ATM-HYD-0486,2026-02-10 12:38:00,DISPATCHED_MISSED,2026-02-10 12:57:00,OFFICER_ARRIVED_POST_CASHOUT,0.0,1,v2.2-xgboost-conformal
DR-2026-1951,CMP-HYD-00951,ATM-HYD-0134,ATM-HYD-0134,2026-04-04 00:23:00,INTERCEPTED,2026-04-04 00:39:00,CASH_WITHDRAWAL_PREVENTED,24265.66,0,v2.2-xgboost-conformal
DR-2026-1952,CMP-HYD-00952,ATM-HYD-0124,ATM-HYD-0124,2026-04-27 20:33:00,INTERCEPTED,2026-04-27 21:02:00,SUSPECT_APPREHENDED_AND_FUNDS_FROZEN,86103.79,0,v2.2-xgboost-conformal
DR-2026-1953,CMP-HYD-00953,ATM-HYD-0171,ATM-HYD-0149,2026-05-11 10:07:00,DISPATCHED_MISSED,2026-05-11 10:54:00,DIFFERENT_ATM_USED,0.0,1,v2.2-xgboost-conformal
DR-2026-1954,CMP-HYD-00954,ATM-HYD-0477,ATM-HYD-0477,2026-03-13 02:38:00,INTERCEPTED,2026-03-13 03:04:00,CASH_WITHDRAWAL_PREVENTED,36439.16,0,v2.2-xgboost-conformal
DR-2026-1955,CMP-HYD-00955,ATM-HYD-0155,ATM-HYD-0155,2026-03-10 04:06:00,INTERCEPTED,2026-03-10 04:52:00,SUSPECT_APPREHENDED_AND_FUNDS_FROZEN,88449.11,0,v2.2-xgboost-conformal
DR-2026-1956,CMP-HYD-00956,ATM-HYD-0302,ATM-HYD-0284,2026-08-01 00:45:00,DISPATCHED_MISSED,2026-08-01 01:14:00,DIFFERENT_ATM_USED,0.0,1,v2.2-xgboost-conformal
DR-2026-1957,CMP-HYD-00957,ATM-HYD-0331,ATM-HYD-0001,2026-08-05 15:11:00,DISPATCHED_MISSED,2026-08-05 16:01:00,DIFFERENT_ATM_USED,0.0,1,v2.2-xgboost-conformal
DR-2026-1958,CMP-HYD-00958,ATM-HYD-0192,ATM-HYD-0192,2026-02-11 22:16:00,INTERCEPTED,2026-02-11 22:34:00,SUSPECT_APPREHENDED_AND_FUNDS_FROZEN,38984.92,0,v2.2-xgboost-conformal
DR-2026-1959,CMP-HYD-00959,ATM-HYD-0034,ATM-HYD-0034,2026-01-24 03:36:00,INTERCEPTED,2026-01-24 04:22:00,SUSPECT_APPREHENDED_AND_FUNDS_FROZEN,14723.78,0,v2.2-xgboost-conformal
DR-2026-1960,CMP-HYD-00960,ATM-HYD-0394,ATM-HYD-0394,2026-02-28 14:03:00,INTERCEPTED,2026-02-28 14:53:00,CASH_WITHDRAWAL_PREVENTED,89664.61,0,v2.2-xgboost-conformal
DR-2026-1961,CMP-HYD-00961,ATM-HYD-0501,ATM-HYD-0476,2026-05-27 09:35:00,DISPATCHED_MISSED,2026-05-27 10:29:00,OFFICER_ARRIVED_POST_CASHOUT,0.0,1,v2.2-xgboost-conformal
DR-2026-1962,CMP-HYD-00962,ATM-HYD-0043,ATM-HYD-0075,2026-07-16 03:26:00,DISPATCHED_MISSED,2026-07-16 03:43:00,OFFICER_ARRIVED_POST_CASHOUT,0.0,1,v2.2-xgboost-conformal
DR-2026-1963,CMP-HYD-00963,ATM-HYD-0371,ATM-HYD-0081,2026-03-08 10:02:00,DISPATCHED_MISSED,2026-03-08 10:46:00,OFFICER_ARRIVED_POST_CASHOUT,0.0,1,v2.2-xgboost-conformal
DR-2026-1964,CMP-HYD-00964,ATM-HYD-0411,ATM-HYD-0464,2026-08-12 04:26:00,DISPATCHED_MISSED,2026-08-12 05:16:00,DIFFERENT_ATM_USED,0.0,1,v2.2-xgboost-conformal
DR-2026-1965,CMP-HYD-00965,ATM-HYD-0180,ATM-HYD-0059,2026-05-21 09:11:00,DISPATCHED_MISSED,2026-05-21 09:40:00,OFFICER_ARRIVED_POST_CASHOUT,0.0,1,v2.2-xgboost-conformal
DR-2026-1966,CMP-HYD-00966,ATM-HYD-0389,ATM-HYD-0389,2026-06-30 01:25:00,INTERCEPTED,2026-06-30 02:07:00,SUSPECT_APPREHENDED_AND_FUNDS_FROZEN,83843.42,0,v2.2-xgboost-conformal
DR-2026-1967,CMP-HYD-00967,ATM-HYD-0279,ATM-HYD-0279,2026-01-11 15:40:00,INTERCEPTED,2026-01-11 16:08:00,SUSPECT_APPREHENDED_AND_FUNDS_FROZEN,21575.91,0,v2.2-xgboost-conformal
DR-2026-1968,CMP-HYD-00968,ATM-HYD-0285,ATM-HYD-0285,2026-03-26 09:45:00,INTERCEPTED,2026-03-26 10:05:00,SUSPECT_APPREHENDED_AND_FUNDS_FROZEN,40628.48,0,v2.2-xgboost-conformal
DR-2026-1969,CMP-HYD-00969,ATM-HYD-0063,ATM-HYD-0063,2026-01-01 02:42:00,INTERCEPTED,2026-01-01 03:16:00,SUSPECT_APPREHENDED_AND_FUNDS_FROZEN,41253.83,0,v2.2-xgboost-conformal
DR-2026-1970,CMP-HYD-00970,ATM-HYD-0464,ATM-HYD-0464,2026-03-23 03:21:00,INTERCEPTED,2026-03-23 04:12:00,CASH_WITHDRAWAL_PREVENTED,24566.14,0,v2.2-xgboost-conformal
DR-2026-1971,CMP-HYD-00971,ATM-HYD-0430,ATM-HYD-0430,2026-03-14 01:53:00,INTERCEPTED,2026-03-14 02:24:00,SUSPECT_APPREHENDED_AND_FUNDS_FROZEN,127539.39,0,v2.2-xgboost-conformal
DR-2026-1972,CMP-HYD-00972,ATM-HYD-0159,ATM-HYD-0159,2026-01-03 12:18:00,INTERCEPTED,2026-01-03 12:50:00,CASH_WITHDRAWAL_PREVENTED,13706.24,0,v2.2-xgboost-conformal
DR-2026-1973,CMP-HYD-00973,ATM-HYD-0294,ATM-HYD-0321,2026-01-12 16:39:00,DISPATCHED_MISSED,2026-01-12 17:12:00,DIFFERENT_ATM_USED,0.0,1,v2.2-xgboost-conformal
DR-2026-1974,CMP-HYD-00974,ATM-HYD-0243,ATM-HYD-0243,2026-03-30 07:58:00,INTERCEPTED,2026-03-30 08:32:00,CASH_WITHDRAWAL_PREVENTED,85137.55,0,v2.2-xgboost-conformal
DR-2026-1975,CMP-HYD-00975,ATM-HYD-0475,ATM-HYD-0021,2026-01-19 17:24:00,DISPATCHED_MISSED,2026-01-19 17:49:00,OFFICER_ARRIVED_POST_CASHOUT,0.0,1,v2.2-xgboost-conformal
DR-2026-1976,CMP-HYD-00976,ATM-HYD-0236,ATM-HYD-0236,2026-08-09 07:01:00,INTERCEPTED,2026-08-09 07:36:00,SUSPECT_APPREHENDED_AND_FUNDS_FROZEN,84712.83,0,v2.2-xgboost-conformal
DR-2026-1977,CMP-HYD-00977,ATM-HYD-0441,ATM-HYD-0441,2026-03-07 04:57:00,INTERCEPTED,2026-03-07 05:36:00,CASH_WITHDRAWAL_PREVENTED,88830.88,0,v2.2-xgboost-conformal
DR-2026-1978,CMP-HYD-00978,ATM-HYD-0367,ATM-HYD-0367,2026-01-04 23:50:00,INTERCEPTED,2026-01-05 00:29:00,CASH_WITHDRAWAL_PREVENTED,23430.07,0,v2.2-xgboost-conformal
DR-2026-1979,CMP-HYD-00979,ATM-HYD-0228,ATM-HYD-0228,2026-04-09 12:28:00,INTERCEPTED,2026-04-09 13:13:00,CASH_WITHDRAWAL_PREVENTED,23001.44,0,v2.2-xgboost-conformal
DR-2026-1980,CMP-HYD-00980,ATM-HYD-0320,ATM-HYD-0216,2026-08-08 18:55:00,DISPATCHED_MISSED,2026-08-08 19:28:00,DIFFERENT_ATM_USED,0.0,1,v2.2-xgboost-conformal
DR-2026-1981,CMP-HYD-00981,ATM-HYD-0133,ATM-HYD-0133,2026-04-05 11:33:00,INTERCEPTED,2026-04-05 11:48:00,SUSPECT_APPREHENDED_AND_FUNDS_FROZEN,149287.86,0,v2.2-xgboost-conformal
DR-2026-1982,CMP-HYD-00982,ATM-HYD-0200,ATM-HYD-0200,2026-01-02 05:12:00,INTERCEPTED,2026-01-02 05:48:00,SUSPECT_APPREHENDED_AND_FUNDS_FROZEN,182898.1,0,v2.2-xgboost-conformal
DR-2026-1983,CMP-HYD-00983,ATM-HYD-0428,ATM-HYD-0428,2026-05-25 03:27:00,INTERCEPTED,2026-05-25 04:21:00,CASH_WITHDRAWAL_PREVENTED,90956.28,0,v2.2-xgboost-conformal
DR-2026-1984,CMP-HYD-00984,ATM-HYD-0504,ATM-HYD-0078,2026-06-30 22:06:00,DISPATCHED_MISSED,2026-06-30 22:35:00,DIFFERENT_ATM_USED,0.0,1,v2.2-xgboost-conformal
DR-2026-1985,CMP-HYD-00985,ATM-HYD-0467,ATM-HYD-0371,2026-08-21 18:30:00,DISPATCHED_MISSED,2026-08-21 19:03:00,DIFFERENT_ATM_USED,0.0,1,v2.2-xgboost-conformal
DR-2026-1986,CMP-HYD-00986,ATM-HYD-0345,ATM-HYD-0345,2026-02-15 17:13:00,INTERCEPTED,2026-02-15 17:52:00,SUSPECT_APPREHENDED_AND_FUNDS_FROZEN,13529.44,0,v2.2-xgboost-conformal
DR-2026-1987,CMP-HYD-00987,ATM-HYD-0229,ATM-HYD-0291,2026-07-07 04:59:00,DISPATCHED_MISSED,2026-07-07 05:52:00,OFFICER_ARRIVED_POST_CASHOUT,0.0,1,v2.2-xgboost-conformal
DR-2026-1988,CMP-HYD-00988,ATM-HYD-0271,ATM-HYD-0405,2026-06-12 06:03:00,DISPATCHED_MISSED,2026-06-12 06:58:00,OFFICER_ARRIVED_POST_CASHOUT,0.0,1,v2.2-xgboost-conformal
DR-2026-1989,CMP-HYD-00989,ATM-HYD-0496,ATM-HYD-0496,2026-01-24 13:21:00,INTERCEPTED,2026-01-24 13:59:00,CASH_WITHDRAWAL_PREVENTED,172900.94,0,v2.2-xgboost-conformal
DR-2026-1990,CMP-HYD-00990,ATM-HYD-0404,ATM-HYD-0404,2026-06-06 17:14:00,INTERCEPTED,2026-06-06 17:45:00,SUSPECT_APPREHENDED_AND_FUNDS_FROZEN,23879.24,0,v2.2-xgboost-conformal
DR-2026-1991,CMP-HYD-00991,ATM-HYD-0282,ATM-HYD-0282,2026-02-25 03:50:00,INTERCEPTED,2026-02-25 04:21:00,CASH_WITHDRAWAL_PREVENTED,182543.92,0,v2.2-xgboost-conformal
DR-2026-1992,CMP-HYD-00992,ATM-HYD-0053,ATM-HYD-0132,2026-05-05 00:32:00,DISPATCHED_MISSED,2026-05-05 01:21:00,OFFICER_ARRIVED_POST_CASHOUT,0.0,1,v2.2-xgboost-conformal
DR-2026-1993,CMP-HYD-00993,ATM-HYD-0478,ATM-HYD-0139,2026-05-27 16:51:00,DISPATCHED_MISSED,2026-05-27 17:08:00,OFFICER_ARRIVED_POST_CASHOUT,0.0,1,v2.2-xgboost-conformal
DR-2026-1994,CMP-HYD-00994,ATM-HYD-0076,ATM-HYD-0097,2026-07-03 07:36:00,DISPATCHED_MISSED,2026-07-03 08:03:00,OFFICER_ARRIVED_POST_CASHOUT,0.0,1,v2.2-xgboost-conformal
DR-2026-1995,CMP-HYD-00995,ATM-HYD-0160,ATM-HYD-0160,2026-03-07 06:50:00,INTERCEPTED,2026-03-07 07:25:00,SUSPECT_APPREHENDED_AND_FUNDS_FROZEN,37997.98,0,v2.2-xgboost-conformal
DR-2026-1996,CMP-HYD-00996,ATM-HYD-0427,ATM-HYD-0036,2026-07-08 15:38:00,DISPATCHED_MISSED,2026-07-08 16:14:00,OFFICER_ARRIVED_POST_CASHOUT,0.0,1,v2.2-xgboost-conformal
DR-2026-1997,CMP-HYD-00997,ATM-HYD-0233,ATM-HYD-0233,2026-07-04 09:29:00,INTERCEPTED,2026-07-04 10:20:00,CASH_WITHDRAWAL_PREVENTED,40225.14,0,v2.2-xgboost-conformal
DR-2026-1998,CMP-HYD-00998,ATM-HYD-0096,ATM-HYD-0096,2026-04-14 00:23:00,INTERCEPTED,2026-04-14 00:51:00,CASH_WITHDRAWAL_PREVENTED,143771.12,0,v2.2-xgboost-conformal
DR-2026-1999,CMP-HYD-00999,ATM-HYD-0073,ATM-HYD-0073,2026-08-31 06:23:00,INTERCEPTED,2026-08-31 07:03:00,SUSPECT_APPREHENDED_AND_FUNDS_FROZEN,86757.63,0,v2.2-xgboost-conformal
DR-2026-2000,CMP-HYD-01000,ATM-HYD-0241,ATM-HYD-0241,2026-02-15 10:18:00,INTERCEPTED,2026-02-15 10:51:00,CASH_WITHDRAWAL_PREVENTED,23835.6,0,v2.2-xgboost-conformal
DR-2026-2001,CMP-HYD-01001,ATM-HYD-0169,ATM-HYD-0169,2026-07-21 11:36:00,INTERCEPTED,2026-07-21 12:02:00,SUSPECT_APPREHENDED_AND_FUNDS_FROZEN,85366.86,0,v2.2-xgboost-conformal
DR-2026-2002,CMP-HYD-01002,ATM-HYD-0133,ATM-HYD-0133,2026-02-16 12:07:00,INTERCEPTED,2026-02-16 12:31:00,CASH_WITHDRAWAL_PREVENTED,82190.39,0,v2.2-xgboost-conformal
DR-2026-2003,CMP-HYD-01003,ATM-HYD-0278,ATM-HYD-0278,2026-07-03 01:28:00,INTERCEPTED,2026-07-03 01:51:00,CASH_WITHDRAWAL_PREVENTED,43256.77,0,v2.2-xgboost-conformal
DR-2026-2004,CMP-HYD-01004,ATM-HYD-0042,ATM-HYD-0119,2026-08-27 03:05:00,DISPATCHED_MISSED,2026-08-27 03:25:00,DIFFERENT_ATM_USED,0.0,1,v2.2-xgboost-conformal
DR-2026-2005,CMP-HYD-01005,ATM-HYD-0335,ATM-HYD-0335,2026-03-10 21:41:00,INTERCEPTED,2026-03-10 22:03:00,SUSPECT_APPREHENDED_AND_FUNDS_FROZEN,83806.07,0,v2.2-xgboost-conformal
DR-2026-2006,CMP-HYD-01006,ATM-HYD-0003,ATM-HYD-0003,2026-04-29 14:08:00,INTERCEPTED,2026-04-29 14:43:00,SUSPECT_APPREHENDED_AND_FUNDS_FROZEN,140366.0,0,v2.2-xgboost-conformal
DR-2026-2007,CMP-HYD-01007,ATM-HYD-0218,ATM-HYD-0206,2026-01-07 11:20:00,DISPATCHED_MISSED,2026-01-07 12:01:00,OFFICER_ARRIVED_POST_CASHOUT,0.0,1,v2.2-xgboost-conformal
DR-2026-2008,CMP-HYD-01008,ATM-HYD-0271,ATM-HYD-0089,2026-04-19 00:38:00,DISPATCHED_MISSED,2026-04-19 00:53:00,DIFFERENT_ATM_USED,0.0,1,v2.2-xgboost-conformal
DR-2026-2009,CMP-HYD-01009,ATM-HYD-0066,ATM-HYD-0066,2026-06-09 11:22:00,INTERCEPTED,2026-06-09 11:54:00,CASH_WITHDRAWAL_PREVENTED,116151.19,0,v2.2-xgboost-conformal
DR-2026-2010,CMP-HYD-01010,ATM-HYD-0002,ATM-HYD-0283,2026-07-31 21:43:00,DISPATCHED_MISSED,2026-07-31 22:11:00,DIFFERENT_ATM_USED,0.0,1,v2.2-xgboost-conformal
DR-2026-2011,CMP-HYD-01011,ATM-HYD-0216,ATM-HYD-0216,2026-08-07 15:44:00,INTERCEPTED,2026-08-07 16:05:00,SUSPECT_APPREHENDED_AND_FUNDS_FROZEN,91661.93,0,v2.2-xgboost-conformal
DR-2026-2012,CMP-HYD-01012,ATM-HYD-0462,ATM-HYD-0462,2026-09-07 14:02:00,INTERCEPTED,2026-09-07 14:34:00,SUSPECT_APPREHENDED_AND_FUNDS_FROZEN,178724.05,0,v2.2-xgboost-conformal
DR-2026-2013,CMP-HYD-01013,ATM-HYD-0467,ATM-HYD-0243,2026-01-26 11:41:00,DISPATCHED_MISSED,2026-01-26 12:29:00,DIFFERENT_ATM_USED,0.0,1,v2.2-xgboost-conformal
DR-2026-2014,CMP-HYD-01014,ATM-HYD-0088,ATM-HYD-0088,2026-02-21 10:28:00,INTERCEPTED,2026-02-21 11:12:00,CASH_WITHDRAWAL_PREVENTED,131308.11,0,v2.2-xgboost-conformal
DR-2026-2015,CMP-HYD-01015,ATM-HYD-0301,ATM-HYD-0301,2026-05-24 21:54:00,INTERCEPTED,2026-05-24 22:30:00,SUSPECT_APPREHENDED_AND_FUNDS_FROZEN,91348.02,0,v2.2-xgboost-conformal
DR-2026-2016,CMP-HYD-01016,ATM-HYD-0185,ATM-HYD-0185,2026-02-24 11:41:00,INTERCEPTED,2026-02-24 12:17:00,SUSPECT_APPREHENDED_AND_FUNDS_FROZEN,90884.32,0,v2.2-xgboost-conformal
DR-2026-2017,CMP-HYD-01017,ATM-HYD-0009,ATM-HYD-0009,2026-01-27 07:00:00,INTERCEPTED,2026-01-27 07:24:00,SUSPECT_APPREHENDED_AND_FUNDS_FROZEN,76508.13,0,v2.2-xgboost-conformal
DR-2026-2018,CMP-HYD-01018,ATM-HYD-0313,ATM-HYD-0483,2026-05-11 09:42:00,DISPATCHED_MISSED,2026-05-11 09:58:00,DIFFERENT_ATM_USED,0.0,1,v2.2-xgboost-conformal
DR-2026-2019,CMP-HYD-01019,ATM-HYD-0007,ATM-HYD-0007,2026-04-05 02:27:00,INTERCEPTED,2026-04-05 03:16:00,SUSPECT_APPREHENDED_AND_FUNDS_FROZEN,24274.68,0,v2.2-xgboost-conformal
DR-2026-2020,CMP-HYD-01020,ATM-HYD-0405,ATM-HYD-0405,2026-04-26 17:31:00,INTERCEPTED,2026-04-26 18:10:00,CASH_WITHDRAWAL_PREVENTED,81278.34,0,v2.2-xgboost-conformal
DR-2026-2021,CMP-HYD-01021,ATM-HYD-0387,ATM-HYD-0387,2026-07-06 21:05:00,INTERCEPTED,2026-07-06 21:55:00,SUSPECT_APPREHENDED_AND_FUNDS_FROZEN,37787.13,0,v2.2-xgboost-conformal
DR-2026-2022,CMP-HYD-01022,ATM-HYD-0360,ATM-HYD-0123,2026-05-02 06:04:00,DISPATCHED_MISSED,2026-05-02 06:23:00,DIFFERENT_ATM_USED,0.0,1,v2.2-xgboost-conformal
DR-2026-2023,CMP-HYD-01023,ATM-HYD-0508,ATM-HYD-0508,2026-05-17 19:30:00,INTERCEPTED,2026-05-17 20:25:00,CASH_WITHDRAWAL_PREVENTED,196021.76,0,v2.2-xgboost-conformal
DR-2026-2024,CMP-HYD-01024,ATM-HYD-0097,ATM-HYD-0097,2026-03-21 06:01:00,INTERCEPTED,2026-03-21 06:30:00,CASH_WITHDRAWAL_PREVENTED,84764.43,0,v2.2-xgboost-conformal
DR-2026-2025,CMP-HYD-01025,ATM-HYD-0230,ATM-HYD-0385,2026-03-11 09:36:00,DISPATCHED_MISSED,2026-03-11 09:55:00,DIFFERENT_ATM_USED,0.0,1,v2.2-xgboost-conformal
DR-2026-2026,CMP-HYD-01026,ATM-HYD-0351,ATM-HYD-0351,2026-04-13 09:36:00,INTERCEPTED,2026-04-13 10:31:00,SUSPECT_APPREHENDED_AND_FUNDS_FROZEN,144121.84,0,v2.2-xgboost-conformal
DR-2026-2027,CMP-HYD-01027,ATM-HYD-0002,ATM-HYD-0002,2026-03-04 11:20:00,INTERCEPTED,2026-03-04 11:50:00,CASH_WITHDRAWAL_PREVENTED,105896.01,0,v2.2-xgboost-conformal
DR-2026-2028,CMP-HYD-01028,ATM-HYD-0282,ATM-HYD-0282,2026-02-05 18:44:00,INTERCEPTED,2026-02-05 19:17:00,SUSPECT_APPREHENDED_AND_FUNDS_FROZEN,94581.22,0,v2.2-xgboost-conformal
DR-2026-2029,CMP-HYD-01029,ATM-HYD-0063,ATM-HYD-0159,2026-03-18 07:05:00,DISPATCHED_MISSED,2026-03-18 07:33:00,DIFFERENT_ATM_USED,0.0,1,v2.2-xgboost-conformal
DR-2026-2030,CMP-HYD-01030,ATM-HYD-0258,ATM-HYD-0258,2026-07-12 08:55:00,INTERCEPTED,2026-07-12 09:29:00,SUSPECT_APPREHENDED_AND_FUNDS_FROZEN,94884.55,0,v2.2-xgboost-conformal
DR-2026-2031,CMP-HYD-01031,ATM-HYD-0496,ATM-HYD-0496,2026-05-29 14:18:00,INTERCEPTED,2026-05-29 14:52:00,SUSPECT_APPREHENDED_AND_FUNDS_FROZEN,74981.68,0,v2.2-xgboost-conformal
DR-2026-2032,CMP-HYD-01032,ATM-HYD-0094,ATM-HYD-0094,2026-02-02 19:46:00,INTERCEPTED,2026-02-02 20:17:00,SUSPECT_APPREHENDED_AND_FUNDS_FROZEN,104188.76,0,v2.2-xgboost-conformal
DR-2026-2033,CMP-HYD-01033,ATM-HYD-0336,ATM-HYD-0234,2026-02-03 01:44:00,DISPATCHED_MISSED,2026-02-03 02:13:00,DIFFERENT_ATM_USED,0.0,1,v2.2-xgboost-conformal
DR-2026-2034,CMP-HYD-01034,ATM-HYD-0360,ATM-HYD-0290,2026-08-08 04:02:00,DISPATCHED_MISSED,2026-08-08 04:34:00,OFFICER_ARRIVED_POST_CASHOUT,0.0,1,v2.2-xgboost-conformal
DR-2026-2035,CMP-HYD-01035,ATM-HYD-0329,ATM-HYD-0329,2026-02-04 03:13:00,INTERCEPTED,2026-02-04 04:05:00,SUSPECT_APPREHENDED_AND_FUNDS_FROZEN,22502.6,0,v2.2-xgboost-conformal
DR-2026-2036,CMP-HYD-01036,ATM-HYD-0176,ATM-HYD-0176,2026-08-25 18:39:00,INTERCEPTED,2026-08-25 19:26:00,SUSPECT_APPREHENDED_AND_FUNDS_FROZEN,24397.39,0,v2.2-xgboost-conformal
DR-2026-2037,CMP-HYD-01037,ATM-HYD-0219,ATM-HYD-0219,2026-01-13 06:18:00,INTERCEPTED,2026-01-13 06:49:00,SUSPECT_APPREHENDED_AND_FUNDS_FROZEN,93752.16,0,v2.2-xgboost-conformal
DR-2026-2038,CMP-HYD-01038,ATM-HYD-0408,ATM-HYD-0408,2026-03-19 07:42:00,INTERCEPTED,2026-03-19 08:02:00,SUSPECT_APPREHENDED_AND_FUNDS_FROZEN,13282.72,0,v2.2-xgboost-conformal
DR-2026-2039,CMP-HYD-01039,ATM-HYD-0351,ATM-HYD-0351,2026-05-26 08:24:00,INTERCEPTED,2026-05-26 09:04:00,CASH_WITHDRAWAL_PREVENTED,36982.24,0,v2.2-xgboost-conformal
DR-2026-2040,CMP-HYD-01040,ATM-HYD-0181,ATM-HYD-0181,2026-08-04 10:03:00,INTERCEPTED,2026-08-04 10:49:00,CASH_WITHDRAWAL_PREVENTED,44009.19,0,v2.2-xgboost-conformal
DR-2026-2041,CMP-HYD-01041,ATM-HYD-0420,ATM-HYD-0242,2026-02-20 06:08:00,DISPATCHED_MISSED,2026-02-20 06:23:00,OFFICER_ARRIVED_POST_CASHOUT,0.0,1,v2.2-xgboost-conformal
DR-2026-2042,CMP-HYD-01042,ATM-HYD-0206,ATM-HYD-0395,2026-03-06 13:29:00,DISPATCHED_MISSED,2026-03-06 14:15:00,OFFICER_ARRIVED_POST_CASHOUT,0.0,1,v2.2-xgboost-conformal
DR-2026-2043,CMP-HYD-01043,ATM-HYD-0120,ATM-HYD-0043,2026-07-12 10:15:00,DISPATCHED_MISSED,2026-07-12 10:38:00,OFFICER_ARRIVED_POST_CASHOUT,0.0,1,v2.2-xgboost-conformal
DR-2026-2044,CMP-HYD-01044,ATM-HYD-0472,ATM-HYD-0472,2026-01-12 04:34:00,INTERCEPTED,2026-01-12 05:20:00,SUSPECT_APPREHENDED_AND_FUNDS_FROZEN,35881.0,0,v2.2-xgboost-conformal
DR-2026-2045,CMP-HYD-01045,ATM-HYD-0211,ATM-HYD-0211,2026-01-14 11:03:00,INTERCEPTED,2026-01-14 11:33:00,SUSPECT_APPREHENDED_AND_FUNDS_FROZEN,73415.32,0,v2.2-xgboost-conformal
DR-2026-2046,CMP-HYD-01046,ATM-HYD-0221,ATM-HYD-0291,2026-08-25 08:03:00,DISPATCHED_MISSED,2026-08-25 08:46:00,DIFFERENT_ATM_USED,0.0,1,v2.2-xgboost-conformal
DR-2026-2047,CMP-HYD-01047,ATM-HYD-0385,ATM-HYD-0240,2026-06-03 01:51:00,DISPATCHED_MISSED,2026-06-03 02:35:00,DIFFERENT_ATM_USED,0.0,1,v2.2-xgboost-conformal
DR-2026-2048,CMP-HYD-01048,ATM-HYD-0052,ATM-HYD-0052,2026-07-23 05:06:00,INTERCEPTED,2026-07-23 05:23:00,SUSPECT_APPREHENDED_AND_FUNDS_FROZEN,22267.49,0,v2.2-xgboost-conformal
DR-2026-2049,CMP-HYD-01049,ATM-HYD-0227,ATM-HYD-0227,2026-08-07 01:55:00,INTERCEPTED,2026-08-07 02:37:00,SUSPECT_APPREHENDED_AND_FUNDS_FROZEN,143961.89,0,v2.2-xgboost-conformal
DR-2026-2050,CMP-HYD-01050,ATM-HYD-0124,ATM-HYD-0124,2026-01-27 05:11:00,INTERCEPTED,2026-01-27 05:48:00,SUSPECT_APPREHENDED_AND_FUNDS_FROZEN,149181.88,0,v2.2-xgboost-conformal
DR-2026-2051,CMP-HYD-01051,ATM-HYD-0505,ATM-HYD-0505,2026-06-23 10:43:00,INTERCEPTED,2026-06-23 11:17:00,SUSPECT_APPREHENDED_AND_FUNDS_FROZEN,114599.59,0,v2.2-xgboost-conformal
DR-2026-2052,CMP-HYD-01052,ATM-HYD-0450,ATM-HYD-0450,2026-03-20 16:53:00,INTERCEPTED,2026-03-20 17:41:00,CASH_WITHDRAWAL_PREVENTED,14358.73,0,v2.2-xgboost-conformal
DR-2026-2053,CMP-HYD-01053,ATM-HYD-0118,ATM-HYD-0118,2026-06-06 10:12:00,INTERCEPTED,2026-06-06 10:58:00,SUSPECT_APPREHENDED_AND_FUNDS_FROZEN,23865.01,0,v2.2-xgboost-conformal
DR-2026-2054,CMP-HYD-01054,ATM-HYD-0407,ATM-HYD-0504,2026-03-23 05:10:00,DISPATCHED_MISSED,2026-03-23 05:39:00,OFFICER_ARRIVED_POST_CASHOUT,0.0,1,v2.2-xgboost-conformal
DR-2026-2055,CMP-HYD-01055,ATM-HYD-0503,ATM-HYD-0480,2026-06-01 09:07:00,DISPATCHED_MISSED,2026-06-01 09:33:00,DIFFERENT_ATM_USED,0.0,1,v2.2-xgboost-conformal
DR-2026-2056,CMP-HYD-01056,ATM-HYD-0093,ATM-HYD-0093,2026-02-14 19:46:00,INTERCEPTED,2026-02-14 20:10:00,CASH_WITHDRAWAL_PREVENTED,113302.98,0,v2.2-xgboost-conformal
DR-2026-2057,CMP-HYD-01057,ATM-HYD-0319,ATM-HYD-0463,2026-06-17 17:48:00,DISPATCHED_MISSED,2026-06-17 18:35:00,OFFICER_ARRIVED_POST_CASHOUT,0.0,1,v2.2-xgboost-conformal
DR-2026-2058,CMP-HYD-01058,ATM-HYD-0480,ATM-HYD-0480,2026-07-11 09:32:00,INTERCEPTED,2026-07-11 09:52:00,SUSPECT_APPREHENDED_AND_FUNDS_FROZEN,94557.39,0,v2.2-xgboost-conformal
DR-2026-2059,CMP-HYD-01059,ATM-HYD-0088,ATM-HYD-0499,2026-05-16 10:16:00,DISPATCHED_MISSED,2026-05-16 10:43:00,OFFICER_ARRIVED_POST_CASHOUT,0.0,1,v2.2-xgboost-conformal
DR-2026-2060,CMP-HYD-01060,ATM-HYD-0008,ATM-HYD-0450,2026-06-13 16:30:00,DISPATCHED_MISSED,2026-06-13 16:55:00,DIFFERENT_ATM_USED,0.0,1,v2.2-xgboost-conformal
DR-2026-2061,CMP-HYD-01061,ATM-HYD-0402,ATM-HYD-0339,2026-06-18 05:07:00,DISPATCHED_MISSED,2026-06-18 05:55:00,OFFICER_ARRIVED_POST_CASHOUT,0.0,1,v2.2-xgboost-conformal
DR-2026-2062,CMP-HYD-01062,ATM-HYD-0414,ATM-HYD-0414,2026-03-14 23:31:00,INTERCEPTED,2026-03-14 23:54:00,SUSPECT_APPREHENDED_AND_FUNDS_FROZEN,22434.23,0,v2.2-xgboost-conformal
DR-2026-2063,CMP-HYD-01063,ATM-HYD-0105,ATM-HYD-0105,2026-05-28 22:33:00,INTERCEPTED,2026-05-28 22:57:00,SUSPECT_APPREHENDED_AND_FUNDS_FROZEN,78784.12,0,v2.2-xgboost-conformal
DR-2026-2064,CMP-HYD-01064,ATM-HYD-0495,ATM-HYD-0495,2026-01-16 00:22:00,INTERCEPTED,2026-01-16 00:46:00,SUSPECT_APPREHENDED_AND_FUNDS_FROZEN,13833.52,0,v2.2-xgboost-conformal
DR-2026-2065,CMP-HYD-01065,ATM-HYD-0379,ATM-HYD-0458,2026-07-01 00:59:00,DISPATCHED_MISSED,2026-07-01 01:32:00,DIFFERENT_ATM_USED,0.0,1,v2.2-xgboost-conformal
DR-2026-2066,CMP-HYD-01066,ATM-HYD-0084,ATM-HYD-0084,2026-07-30 14:48:00,INTERCEPTED,2026-07-30 15:32:00,SUSPECT_APPREHENDED_AND_FUNDS_FROZEN,39526.49,0,v2.2-xgboost-conformal
DR-2026-2067,CMP-HYD-01067,ATM-HYD-0117,ATM-HYD-0117,2026-03-28 20:07:00,INTERCEPTED,2026-03-28 21:02:00,SUSPECT_APPREHENDED_AND_FUNDS_FROZEN,179660.93,0,v2.2-xgboost-conformal
DR-2026-2068,CMP-HYD-01068,ATM-HYD-0062,ATM-HYD-0062,2026-02-18 04:42:00,INTERCEPTED,2026-02-18 05:32:00,SUSPECT_APPREHENDED_AND_FUNDS_FROZEN,22001.7,0,v2.2-xgboost-conformal
DR-2026-2069,CMP-HYD-01069,ATM-HYD-0461,ATM-HYD-0461,2026-05-16 15:20:00,INTERCEPTED,2026-05-16 15:35:00,CASH_WITHDRAWAL_PREVENTED,23937.01,0,v2.2-xgboost-conformal
DR-2026-2070,CMP-HYD-01070,ATM-HYD-0208,ATM-HYD-0208,2026-01-02 20:57:00,INTERCEPTED,2026-01-02 21:44:00,CASH_WITHDRAWAL_PREVENTED,38297.5,0,v2.2-xgboost-conformal
DR-2026-2071,CMP-HYD-01071,ATM-HYD-0256,ATM-HYD-0256,2026-09-06 18:26:00,INTERCEPTED,2026-09-06 18:45:00,CASH_WITHDRAWAL_PREVENTED,84630.56,0,v2.2-xgboost-conformal
DR-2026-2072,CMP-HYD-01072,ATM-HYD-0414,ATM-HYD-0414,2026-04-09 05:39:00,INTERCEPTED,2026-04-09 06:32:00,CASH_WITHDRAWAL_PREVENTED,172189.64,0,v2.2-xgboost-conformal
DR-2026-2073,CMP-HYD-01073,ATM-HYD-0148,ATM-HYD-0148,2026-07-15 14:47:00,INTERCEPTED,2026-07-15 15:32:00,SUSPECT_APPREHENDED_AND_FUNDS_FROZEN,13297.59,0,v2.2-xgboost-conformal
DR-2026-2074,CMP-HYD-01074,ATM-HYD-0226,ATM-HYD-0226,2026-05-27 19:25:00,INTERCEPTED,2026-05-27 19:47:00,CASH_WITHDRAWAL_PREVENTED,149619.18,0,v2.2-xgboost-conformal
DR-2026-2075,CMP-HYD-01075,ATM-HYD-0427,ATM-HYD-0427,2026-09-02 16:12:00,INTERCEPTED,2026-09-02 16:58:00,SUSPECT_APPREHENDED_AND_FUNDS_FROZEN,22397.4,0,v2.2-xgboost-conformal
DR-2026-2076,CMP-HYD-01076,ATM-HYD-0250,ATM-HYD-0250,2026-04-08 09:49:00,INTERCEPTED,2026-04-08 10:37:00,SUSPECT_APPREHENDED_AND_FUNDS_FROZEN,22662.33,0,v2.2-xgboost-conformal
DR-2026-2077,CMP-HYD-01077,ATM-HYD-0117,ATM-HYD-0117,2026-04-13 04:29:00,INTERCEPTED,2026-04-13 05:18:00,SUSPECT_APPREHENDED_AND_FUNDS_FROZEN,37846.39,0,v2.2-xgboost-conformal
DR-2026-2078,CMP-HYD-01078,ATM-HYD-0034,ATM-HYD-0034,2026-08-13 17:36:00,INTERCEPTED,2026-08-13 18:07:00,SUSPECT_APPREHENDED_AND_FUNDS_FROZEN,187299.89,0,v2.2-xgboost-conformal
DR-2026-2079,CMP-HYD-01079,ATM-HYD-0172,ATM-HYD-0262,2026-03-30 13:55:00,DISPATCHED_MISSED,2026-03-30 14:44:00,OFFICER_ARRIVED_POST_CASHOUT,0.0,1,v2.2-xgboost-conformal
DR-2026-2080,CMP-HYD-01080,ATM-HYD-0270,ATM-HYD-0270,2026-06-15 06:01:00,INTERCEPTED,2026-06-15 06:43:00,SUSPECT_APPREHENDED_AND_FUNDS_FROZEN,80838.16,0,v2.2-xgboost-conformal
DR-2026-2081,CMP-HYD-01081,ATM-HYD-0100,ATM-HYD-0100,2026-06-17 03:33:00,INTERCEPTED,2026-06-17 03:53:00,SUSPECT_APPREHENDED_AND_FUNDS_FROZEN,13879.58,0,v2.2-xgboost-conformal
DR-2026-2082,CMP-HYD-01082,ATM-HYD-0077,ATM-HYD-0077,2026-02-03 19:38:00,INTERCEPTED,2026-02-03 20:18:00,SUSPECT_APPREHENDED_AND_FUNDS_FROZEN,78393.98,0,v2.2-xgboost-conformal
DR-2026-2083,CMP-HYD-01083,ATM-HYD-0366,ATM-HYD-0366,2026-03-24 11:39:00,INTERCEPTED,2026-03-24 12:16:00,CASH_WITHDRAWAL_PREVENTED,21926.16,0,v2.2-xgboost-conformal
DR-2026-2084,CMP-HYD-01084,ATM-HYD-0167,ATM-HYD-0167,2026-07-23 00:16:00,INTERCEPTED,2026-07-23 00:50:00,SUSPECT_APPREHENDED_AND_FUNDS_FROZEN,132706.25,0,v2.2-xgboost-conformal
DR-2026-2085,CMP-HYD-01085,ATM-HYD-0452,ATM-HYD-0452,2026-02-27 10:00:00,INTERCEPTED,2026-02-27 10:28:00,SUSPECT_APPREHENDED_AND_FUNDS_FROZEN,187935.54,0,v2.2-xgboost-conformal
DR-2026-2086,CMP-HYD-01086,ATM-HYD-0162,ATM-HYD-0162,2026-08-27 02:59:00,INTERCEPTED,2026-08-27 03:31:00,SUSPECT_APPREHENDED_AND_FUNDS_FROZEN,22886.26,0,v2.2-xgboost-conformal
DR-2026-2087,CMP-HYD-01087,ATM-HYD-0018,ATM-HYD-0183,2026-05-23 10:45:00,DISPATCHED_MISSED,2026-05-23 11:33:00,DIFFERENT_ATM_USED,0.0,1,v2.2-xgboost-conformal
DR-2026-2088,CMP-HYD-01088,ATM-HYD-0275,ATM-HYD-0422,2026-04-05 19:05:00,DISPATCHED_MISSED,2026-04-05 19:44:00,OFFICER_ARRIVED_POST_CASHOUT,0.0,1,v2.2-xgboost-conformal
DR-2026-2089,CMP-HYD-01089,ATM-HYD-0134,ATM-HYD-0134,2026-06-13 06:22:00,INTERCEPTED,2026-06-13 06:59:00,SUSPECT_APPREHENDED_AND_FUNDS_FROZEN,94609.94,0,v2.2-xgboost-conformal
DR-2026-2090,CMP-HYD-01090,ATM-HYD-0275,ATM-HYD-0183,2026-02-21 08:18:00,DISPATCHED_MISSED,2026-02-21 09:01:00,OFFICER_ARRIVED_POST_CASHOUT,0.0,1,v2.2-xgboost-conformal
DR-2026-2091,CMP-HYD-01091,ATM-HYD-0343,ATM-HYD-0034,2026-07-31 20:33:00,DISPATCHED_MISSED,2026-07-31 21:07:00,OFFICER_ARRIVED_POST_CASHOUT,0.0,1,v2.2-xgboost-conformal
DR-2026-2092,CMP-HYD-01092,ATM-HYD-0324,ATM-HYD-0324,2026-01-03 09:52:00,INTERCEPTED,2026-01-03 10:37:00,SUSPECT_APPREHENDED_AND_FUNDS_FROZEN,49293.62,0,v2.2-xgboost-conformal
DR-2026-2093,CMP-HYD-01093,ATM-HYD-0285,ATM-HYD-0285,2026-01-26 16:36:00,INTERCEPTED,2026-01-26 17:00:00,SUSPECT_APPREHENDED_AND_FUNDS_FROZEN,14649.05,0,v2.2-xgboost-conformal
DR-2026-2094,CMP-HYD-01094,ATM-HYD-0274,ATM-HYD-0274,2026-03-21 07:13:00,INTERCEPTED,2026-03-21 08:04:00,SUSPECT_APPREHENDED_AND_FUNDS_FROZEN,23660.93,0,v2.2-xgboost-conformal
DR-2026-2095,CMP-HYD-01095,ATM-HYD-0441,ATM-HYD-0078,2026-01-29 01:34:00,DISPATCHED_MISSED,2026-01-29 02:20:00,DIFFERENT_ATM_USED,0.0,1,v2.2-xgboost-conformal
DR-2026-2096,CMP-HYD-01096,ATM-HYD-0010,ATM-HYD-0010,2026-03-16 09:10:00,INTERCEPTED,2026-03-16 09:38:00,CASH_WITHDRAWAL_PREVENTED,195684.22,0,v2.2-xgboost-conformal
DR-2026-2097,CMP-HYD-01097,ATM-HYD-0268,ATM-HYD-0268,2026-03-26 20:45:00,INTERCEPTED,2026-03-26 21:28:00,CASH_WITHDRAWAL_PREVENTED,145411.97,0,v2.2-xgboost-conformal
DR-2026-2098,CMP-HYD-01098,ATM-HYD-0398,ATM-HYD-0210,2026-07-29 04:19:00,DISPATCHED_MISSED,2026-07-29 05:04:00,OFFICER_ARRIVED_POST_CASHOUT,0.0,1,v2.2-xgboost-conformal
DR-2026-2099,CMP-HYD-01099,ATM-HYD-0153,ATM-HYD-0153,2026-04-19 15:48:00,INTERCEPTED,2026-04-19 16:08:00,SUSPECT_APPREHENDED_AND_FUNDS_FROZEN,43358.32,0,v2.2-xgboost-conformal
DR-2026-2100,CMP-HYD-01100,ATM-HYD-0192,ATM-HYD-0192,2026-06-06 15:53:00,INTERCEPTED,2026-06-06 16:29:00,CASH_WITHDRAWAL_PREVENTED,44852.2,0,v2.2-xgboost-conformal
DR-2026-2101,CMP-HYD-01101,ATM-HYD-0132,ATM-HYD-0132,2026-02-07 17:55:00,INTERCEPTED,2026-02-07 18:48:00,SUSPECT_APPREHENDED_AND_FUNDS_FROZEN,83864.8,0,v2.2-xgboost-conformal
DR-2026-2102,CMP-HYD-01102,ATM-HYD-0437,ATM-HYD-0437,2026-02-02 21:25:00,INTERCEPTED,2026-02-02 21:49:00,CASH_WITHDRAWAL_PREVENTED,47143.46,0,v2.2-xgboost-conformal
DR-2026-2103,CMP-HYD-01103,ATM-HYD-0026,ATM-HYD-0075,2026-02-01 07:46:00,DISPATCHED_MISSED,2026-02-01 08:23:00,OFFICER_ARRIVED_POST_CASHOUT,0.0,1,v2.2-xgboost-conformal
DR-2026-2104,CMP-HYD-01104,ATM-HYD-0176,ATM-HYD-0176,2026-07-02 14:13:00,INTERCEPTED,2026-07-02 14:36:00,CASH_WITHDRAWAL_PREVENTED,49839.13,0,v2.2-xgboost-conformal
DR-2026-2105,CMP-HYD-01105,ATM-HYD-0339,ATM-HYD-0339,2026-05-26 07:13:00,INTERCEPTED,2026-05-26 07:43:00,SUSPECT_APPREHENDED_AND_FUNDS_FROZEN,110572.25,0,v2.2-xgboost-conformal
DR-2026-2106,CMP-HYD-01106,ATM-HYD-0500,ATM-HYD-0517,2026-06-16 10:55:00,DISPATCHED_MISSED,2026-06-16 11:31:00,DIFFERENT_ATM_USED,0.0,1,v2.2-xgboost-conformal
DR-2026-2107,CMP-HYD-01107,ATM-HYD-0087,ATM-HYD-0087,2026-06-18 04:53:00,INTERCEPTED,2026-06-18 05:34:00,SUSPECT_APPREHENDED_AND_FUNDS_FROZEN,12800.68,0,v2.2-xgboost-conformal
DR-2026-2108,CMP-HYD-01108,ATM-HYD-0483,ATM-HYD-0483,2026-01-22 12:51:00,INTERCEPTED,2026-01-22 13:34:00,SUSPECT_APPREHENDED_AND_FUNDS_FROZEN,182762.71,0,v2.2-xgboost-conformal
DR-2026-2109,CMP-HYD-01109,ATM-HYD-0084,ATM-HYD-0084,2026-08-01 08:02:00,INTERCEPTED,2026-08-01 08:31:00,SUSPECT_APPREHENDED_AND_FUNDS_FROZEN,107932.59,0,v2.2-xgboost-conformal
DR-2026-2110,CMP-HYD-01110,ATM-HYD-0040,ATM-HYD-0040,2026-08-12 03:16:00,INTERCEPTED,2026-08-12 03:51:00,SUSPECT_APPREHENDED_AND_FUNDS_FROZEN,175682.2,0,v2.2-xgboost-conformal
DR-2026-2111,CMP-HYD-01111,ATM-HYD-0146,ATM-HYD-0039,2026-04-13 08:44:00,DISPATCHED_MISSED,2026-04-13 09:11:00,DIFFERENT_ATM_USED,0.0,1,v2.2-xgboost-conformal
DR-2026-2112,CMP-HYD-01112,ATM-HYD-0271,ATM-HYD-0359,2026-08-08 22:15:00,DISPATCHED_MISSED,2026-08-08 22:58:00,DIFFERENT_ATM_USED,0.0,1,v2.2-xgboost-conformal
DR-2026-2113,CMP-HYD-01113,ATM-HYD-0258,ATM-HYD-0258,2026-08-03 08:49:00,INTERCEPTED,2026-08-03 09:24:00,SUSPECT_APPREHENDED_AND_FUNDS_FROZEN,107202.01,0,v2.2-xgboost-conformal
DR-2026-2114,CMP-HYD-01114,ATM-HYD-0057,ATM-HYD-0057,2026-02-26 23:14:00,INTERCEPTED,2026-02-26 23:41:00,SUSPECT_APPREHENDED_AND_FUNDS_FROZEN,194713.25,0,v2.2-xgboost-conformal
DR-2026-2115,CMP-HYD-01115,ATM-HYD-0434,ATM-HYD-0434,2026-05-12 20:55:00,INTERCEPTED,2026-05-12 21:24:00,SUSPECT_APPREHENDED_AND_FUNDS_FROZEN,46527.21,0,v2.2-xgboost-conformal
DR-2026-2116,CMP-HYD-01116,ATM-HYD-0136,ATM-HYD-0136,2026-06-06 01:46:00,INTERCEPTED,2026-06-06 02:16:00,CASH_WITHDRAWAL_PREVENTED,22535.38,0,v2.2-xgboost-conformal
DR-2026-2117,CMP-HYD-01117,ATM-HYD-0268,ATM-HYD-0268,2026-08-04 17:41:00,INTERCEPTED,2026-08-04 18:13:00,CASH_WITHDRAWAL_PREVENTED,44492.15,0,v2.2-xgboost-conformal
DR-2026-2118,CMP-HYD-01118,ATM-HYD-0470,ATM-HYD-0265,2026-07-10 12:16:00,DISPATCHED_MISSED,2026-07-10 13:00:00,DIFFERENT_ATM_USED,0.0,1,v2.2-xgboost-conformal
DR-2026-2119,CMP-HYD-01119,ATM-HYD-0235,ATM-HYD-0235,2026-04-18 03:06:00,INTERCEPTED,2026-04-18 03:34:00,SUSPECT_APPREHENDED_AND_FUNDS_FROZEN,37786.02,0,v2.2-xgboost-conformal
DR-2026-2120,CMP-HYD-01120,ATM-HYD-0085,ATM-HYD-0085,2026-01-15 04:49:00,INTERCEPTED,2026-01-15 05:19:00,SUSPECT_APPREHENDED_AND_FUNDS_FROZEN,40310.8,0,v2.2-xgboost-conformal
DR-2026-2121,CMP-HYD-01121,ATM-HYD-0241,ATM-HYD-0241,2026-03-28 14:30:00,INTERCEPTED,2026-03-28 15:09:00,SUSPECT_APPREHENDED_AND_FUNDS_FROZEN,14843.36,0,v2.2-xgboost-conformal
DR-2026-2122,CMP-HYD-01122,ATM-HYD-0128,ATM-HYD-0302,2026-06-17 14:10:00,DISPATCHED_MISSED,2026-06-17 14:31:00,DIFFERENT_ATM_USED,0.0,1,v2.2-xgboost-conformal
DR-2026-2123,CMP-HYD-01123,ATM-HYD-0491,ATM-HYD-0491,2026-08-11 22:49:00,INTERCEPTED,2026-08-11 23:40:00,CASH_WITHDRAWAL_PREVENTED,85120.91,0,v2.2-xgboost-conformal
DR-2026-2124,CMP-HYD-01124,ATM-HYD-0071,ATM-HYD-0254,2026-09-08 04:52:00,DISPATCHED_MISSED,2026-09-08 05:22:00,OFFICER_ARRIVED_POST_CASHOUT,0.0,1,v2.2-xgboost-conformal
DR-2026-2125,CMP-HYD-01125,ATM-HYD-0011,ATM-HYD-0011,2026-07-13 02:09:00,INTERCEPTED,2026-07-13 02:43:00,SUSPECT_APPREHENDED_AND_FUNDS_FROZEN,84846.18,0,v2.2-xgboost-conformal
DR-2026-2126,CMP-HYD-01126,ATM-HYD-0434,ATM-HYD-0223,2026-06-14 20:22:00,DISPATCHED_MISSED,2026-06-14 20:53:00,OFFICER_ARRIVED_POST_CASHOUT,0.0,1,v2.2-xgboost-conformal
DR-2026-2127,CMP-HYD-01127,ATM-HYD-0185,ATM-HYD-0185,2026-03-31 03:24:00,INTERCEPTED,2026-03-31 04:01:00,CASH_WITHDRAWAL_PREVENTED,174567.14,0,v2.2-xgboost-conformal
DR-2026-2128,CMP-HYD-01128,ATM-HYD-0349,ATM-HYD-0478,2026-08-15 13:16:00,DISPATCHED_MISSED,2026-08-15 13:56:00,DIFFERENT_ATM_USED,0.0,1,v2.2-xgboost-conformal
DR-2026-2129,CMP-HYD-01129,ATM-HYD-0037,ATM-HYD-0308,2026-01-07 16:47:00,DISPATCHED_MISSED,2026-01-07 17:02:00,OFFICER_ARRIVED_POST_CASHOUT,0.0,1,v2.2-xgboost-conformal
DR-2026-2130,CMP-HYD-01130,ATM-HYD-0112,ATM-HYD-0112,2026-08-27 06:25:00,INTERCEPTED,2026-08-27 06:57:00,CASH_WITHDRAWAL_PREVENTED,181059.81,0,v2.2-xgboost-conformal
DR-2026-2131,CMP-HYD-01131,ATM-HYD-0414,ATM-HYD-0414,2026-01-31 07:36:00,INTERCEPTED,2026-01-31 08:09:00,CASH_WITHDRAWAL_PREVENTED,40304.43,0,v2.2-xgboost-conformal
DR-2026-2132,CMP-HYD-01132,ATM-HYD-0038,ATM-HYD-0038,2026-08-20 10:00:00,INTERCEPTED,2026-08-20 10:32:00,CASH_WITHDRAWAL_PREVENTED,84329.21,0,v2.2-xgboost-conformal
DR-2026-2133,CMP-HYD-01133,ATM-HYD-0361,ATM-HYD-0361,2026-05-14 18:49:00,INTERCEPTED,2026-05-14 19:10:00,SUSPECT_APPREHENDED_AND_FUNDS_FROZEN,192141.63,0,v2.2-xgboost-conformal
DR-2026-2134,CMP-HYD-01134,ATM-HYD-0041,ATM-HYD-0041,2026-06-25 15:12:00,INTERCEPTED,2026-06-25 15:35:00,SUSPECT_APPREHENDED_AND_FUNDS_FROZEN,39958.99,0,v2.2-xgboost-conformal
DR-2026-2135,CMP-HYD-01135,ATM-HYD-0163,ATM-HYD-0163,2026-05-20 02:54:00,INTERCEPTED,2026-05-20 03:19:00,SUSPECT_APPREHENDED_AND_FUNDS_FROZEN,72361.74,0,v2.2-xgboost-conformal
DR-2026-2136,CMP-HYD-01136,ATM-HYD-0349,ATM-HYD-0327,2026-09-01 14:05:00,DISPATCHED_MISSED,2026-09-01 14:53:00,DIFFERENT_ATM_USED,0.0,1,v2.2-xgboost-conformal
DR-2026-2137,CMP-HYD-01137,ATM-HYD-0235,ATM-HYD-0235,2026-06-12 08:51:00,INTERCEPTED,2026-06-12 09:14:00,SUSPECT_APPREHENDED_AND_FUNDS_FROZEN,47924.11,0,v2.2-xgboost-conformal
DR-2026-2138,CMP-HYD-01138,ATM-HYD-0086,ATM-HYD-0166,2026-08-09 12:27:00,DISPATCHED_MISSED,2026-08-09 13:00:00,DIFFERENT_ATM_USED,0.0,1,v2.2-xgboost-conformal
DR-2026-2139,CMP-HYD-01139,ATM-HYD-0206,ATM-HYD-0206,2026-04-25 19:59:00,INTERCEPTED,2026-04-25 20:21:00,CASH_WITHDRAWAL_PREVENTED,197175.66,0,v2.2-xgboost-conformal
DR-2026-2140,CMP-HYD-01140,ATM-HYD-0317,ATM-HYD-0317,2026-07-22 11:40:00,INTERCEPTED,2026-07-22 12:22:00,SUSPECT_APPREHENDED_AND_FUNDS_FROZEN,45218.21,0,v2.2-xgboost-conformal
DR-2026-2141,CMP-HYD-01141,ATM-HYD-0512,ATM-HYD-0512,2026-06-29 10:06:00,INTERCEPTED,2026-06-29 10:51:00,CASH_WITHDRAWAL_PREVENTED,184826.51,0,v2.2-xgboost-conformal
DR-2026-2142,CMP-HYD-01142,ATM-HYD-0137,ATM-HYD-0470,2026-01-16 14:38:00,DISPATCHED_MISSED,2026-01-16 15:26:00,OFFICER_ARRIVED_POST_CASHOUT,0.0,1,v2.2-xgboost-conformal
DR-2026-2143,CMP-HYD-01143,ATM-HYD-0300,ATM-HYD-0300,2026-08-20 04:36:00,INTERCEPTED,2026-08-20 04:51:00,CASH_WITHDRAWAL_PREVENTED,47271.31,0,v2.2-xgboost-conformal
DR-2026-2144,CMP-HYD-01144,ATM-HYD-0318,ATM-HYD-0122,2026-09-02 23:58:00,DISPATCHED_MISSED,2026-09-03 00:35:00,DIFFERENT_ATM_USED,0.0,1,v2.2-xgboost-conformal
DR-2026-2145,CMP-HYD-01145,ATM-HYD-0348,ATM-HYD-0348,2026-06-09 02:21:00,INTERCEPTED,2026-06-09 02:57:00,SUSPECT_APPREHENDED_AND_FUNDS_FROZEN,22691.89,0,v2.2-xgboost-conformal
DR-2026-2146,CMP-HYD-01146,ATM-HYD-0298,ATM-HYD-0482,2026-05-06 13:34:00,DISPATCHED_MISSED,2026-05-06 14:23:00,OFFICER_ARRIVED_POST_CASHOUT,0.0,1,v2.2-xgboost-conformal
DR-2026-2147,CMP-HYD-01147,ATM-HYD-0324,ATM-HYD-0324,2026-08-28 11:59:00,INTERCEPTED,2026-08-28 12:47:00,CASH_WITHDRAWAL_PREVENTED,105242.7,0,v2.2-xgboost-conformal
DR-2026-2148,CMP-HYD-01148,ATM-HYD-0117,ATM-HYD-0384,2026-05-02 14:53:00,DISPATCHED_MISSED,2026-05-02 15:33:00,DIFFERENT_ATM_USED,0.0,1,v2.2-xgboost-conformal
DR-2026-2149,CMP-HYD-01149,ATM-HYD-0505,ATM-HYD-0124,2026-03-02 10:55:00,DISPATCHED_MISSED,2026-03-02 11:25:00,DIFFERENT_ATM_USED,0.0,1,v2.2-xgboost-conformal
DR-2026-2150,CMP-HYD-01150,ATM-HYD-0283,ATM-HYD-0499,2026-06-04 23:48:00,DISPATCHED_MISSED,2026-06-05 00:09:00,DIFFERENT_ATM_USED,0.0,1,v2.2-xgboost-conformal
DR-2026-2151,CMP-HYD-01151,ATM-HYD-0295,ATM-HYD-0295,2026-05-20 17:05:00,INTERCEPTED,2026-05-20 17:28:00,SUSPECT_APPREHENDED_AND_FUNDS_FROZEN,48216.24,0,v2.2-xgboost-conformal
DR-2026-2152,CMP-HYD-01152,ATM-HYD-0491,ATM-HYD-0491,2026-05-16 16:17:00,INTERCEPTED,2026-05-16 16:38:00,CASH_WITHDRAWAL_PREVENTED,21675.58,0,v2.2-xgboost-conformal
DR-2026-2153,CMP-HYD-01153,ATM-HYD-0100,ATM-HYD-0100,2026-02-20 21:47:00,INTERCEPTED,2026-02-20 22:23:00,CASH_WITHDRAWAL_PREVENTED,75643.29,0,v2.2-xgboost-conformal
DR-2026-2154,CMP-HYD-01154,ATM-HYD-0367,ATM-HYD-0367,2026-07-02 23:41:00,INTERCEPTED,2026-07-03 00:17:00,SUSPECT_APPREHENDED_AND_FUNDS_FROZEN,21833.47,0,v2.2-xgboost-conformal
DR-2026-2155,CMP-HYD-01155,ATM-HYD-0235,ATM-HYD-0235,2026-03-18 15:52:00,INTERCEPTED,2026-03-18 16:16:00,SUSPECT_APPREHENDED_AND_FUNDS_FROZEN,49143.71,0,v2.2-xgboost-conformal
DR-2026-2156,CMP-HYD-01156,ATM-HYD-0207,ATM-HYD-0207,2026-07-14 11:43:00,INTERCEPTED,2026-07-14 12:31:00,CASH_WITHDRAWAL_PREVENTED,39448.88,0,v2.2-xgboost-conformal
DR-2026-2157,CMP-HYD-01157,ATM-HYD-0451,ATM-HYD-0451,2026-09-03 14:21:00,INTERCEPTED,2026-09-03 15:12:00,SUSPECT_APPREHENDED_AND_FUNDS_FROZEN,49748.88,0,v2.2-xgboost-conformal
DR-2026-2158,CMP-HYD-01158,ATM-HYD-0029,ATM-HYD-0029,2026-04-30 03:26:00,INTERCEPTED,2026-04-30 04:09:00,SUSPECT_APPREHENDED_AND_FUNDS_FROZEN,47706.62,0,v2.2-xgboost-conformal
DR-2026-2159,CMP-HYD-01159,ATM-HYD-0500,ATM-HYD-0500,2026-05-04 15:49:00,INTERCEPTED,2026-05-04 16:19:00,SUSPECT_APPREHENDED_AND_FUNDS_FROZEN,82390.1,0,v2.2-xgboost-conformal
DR-2026-2160,CMP-HYD-01160,ATM-HYD-0338,ATM-HYD-0408,2026-07-20 11:29:00,DISPATCHED_MISSED,2026-07-20 12:02:00,OFFICER_ARRIVED_POST_CASHOUT,0.0,1,v2.2-xgboost-conformal
DR-2026-2161,CMP-HYD-01161,ATM-HYD-0019,ATM-HYD-0336,2026-07-22 12:38:00,DISPATCHED_MISSED,2026-07-22 13:30:00,OFFICER_ARRIVED_POST_CASHOUT,0.0,1,v2.2-xgboost-conformal
DR-2026-2162,CMP-HYD-01162,ATM-HYD-0188,ATM-HYD-0188,2026-06-28 23:56:00,INTERCEPTED,2026-06-29 00:13:00,CASH_WITHDRAWAL_PREVENTED,82750.0,0,v2.2-xgboost-conformal
DR-2026-2163,CMP-HYD-01163,ATM-HYD-0166,ATM-HYD-0166,2026-09-08 20:33:00,INTERCEPTED,2026-09-08 21:27:00,CASH_WITHDRAWAL_PREVENTED,13545.37,0,v2.2-xgboost-conformal
DR-2026-2164,CMP-HYD-01164,ATM-HYD-0458,ATM-HYD-0458,2026-01-07 00:19:00,INTERCEPTED,2026-01-07 00:55:00,SUSPECT_APPREHENDED_AND_FUNDS_FROZEN,46188.92,0,v2.2-xgboost-conformal
DR-2026-2165,CMP-HYD-01165,ATM-HYD-0291,ATM-HYD-0153,2026-04-10 22:18:00,DISPATCHED_MISSED,2026-04-10 22:41:00,OFFICER_ARRIVED_POST_CASHOUT,0.0,1,v2.2-xgboost-conformal
DR-2026-2166,CMP-HYD-01166,ATM-HYD-0479,ATM-HYD-0479,2026-08-22 15:26:00,INTERCEPTED,2026-08-22 16:10:00,CASH_WITHDRAWAL_PREVENTED,73893.24,0,v2.2-xgboost-conformal
DR-2026-2167,CMP-HYD-01167,ATM-HYD-0306,ATM-HYD-0377,2026-05-20 02:57:00,DISPATCHED_MISSED,2026-05-20 03:17:00,DIFFERENT_ATM_USED,0.0,1,v2.2-xgboost-conformal
DR-2026-2168,CMP-HYD-01168,ATM-HYD-0318,ATM-HYD-0318,2026-02-11 07:46:00,INTERCEPTED,2026-02-11 08:29:00,SUSPECT_APPREHENDED_AND_FUNDS_FROZEN,136369.93,0,v2.2-xgboost-conformal
DR-2026-2169,CMP-HYD-01169,ATM-HYD-0430,ATM-HYD-0430,2026-01-27 00:29:00,INTERCEPTED,2026-01-27 01:09:00,SUSPECT_APPREHENDED_AND_FUNDS_FROZEN,138042.9,0,v2.2-xgboost-conformal
DR-2026-2170,CMP-HYD-01170,ATM-HYD-0519,ATM-HYD-0519,2026-03-23 09:14:00,INTERCEPTED,2026-03-23 09:31:00,SUSPECT_APPREHENDED_AND_FUNDS_FROZEN,136183.12,0,v2.2-xgboost-conformal
DR-2026-2171,CMP-HYD-01171,ATM-HYD-0325,ATM-HYD-0325,2026-03-08 12:43:00,INTERCEPTED,2026-03-08 13:11:00,SUSPECT_APPREHENDED_AND_FUNDS_FROZEN,89916.27,0,v2.2-xgboost-conformal
DR-2026-2172,CMP-HYD-01172,ATM-HYD-0243,ATM-HYD-0243,2026-02-06 15:04:00,INTERCEPTED,2026-02-06 15:47:00,SUSPECT_APPREHENDED_AND_FUNDS_FROZEN,43739.8,0,v2.2-xgboost-conformal
DR-2026-2173,CMP-HYD-01173,ATM-HYD-0024,ATM-HYD-0024,2026-08-02 15:38:00,INTERCEPTED,2026-08-02 16:31:00,CASH_WITHDRAWAL_PREVENTED,181579.24,0,v2.2-xgboost-conformal
DR-2026-2174,CMP-HYD-01174,ATM-HYD-0262,ATM-HYD-0174,2026-03-08 00:22:00,DISPATCHED_MISSED,2026-03-08 00:45:00,OFFICER_ARRIVED_POST_CASHOUT,0.0,1,v2.2-xgboost-conformal
DR-2026-2175,CMP-HYD-01175,ATM-HYD-0512,ATM-HYD-0512,2026-03-22 06:43:00,INTERCEPTED,2026-03-22 07:37:00,CASH_WITHDRAWAL_PREVENTED,14629.18,0,v2.2-xgboost-conformal
DR-2026-2176,CMP-HYD-01176,ATM-HYD-0494,ATM-HYD-0494,2026-03-03 16:16:00,INTERCEPTED,2026-03-03 16:44:00,CASH_WITHDRAWAL_PREVENTED,13331.6,0,v2.2-xgboost-conformal
DR-2026-2177,CMP-HYD-01177,ATM-HYD-0324,ATM-HYD-0324,2026-01-28 02:53:00,INTERCEPTED,2026-01-28 03:11:00,CASH_WITHDRAWAL_PREVENTED,23014.65,0,v2.2-xgboost-conformal
DR-2026-2178,CMP-HYD-01178,ATM-HYD-0334,ATM-HYD-0334,2026-03-15 08:53:00,INTERCEPTED,2026-03-15 09:11:00,SUSPECT_APPREHENDED_AND_FUNDS_FROZEN,24711.17,0,v2.2-xgboost-conformal
DR-2026-2179,CMP-HYD-01179,ATM-HYD-0278,ATM-HYD-0278,2026-08-19 05:47:00,INTERCEPTED,2026-08-19 06:39:00,SUSPECT_APPREHENDED_AND_FUNDS_FROZEN,14715.11,0,v2.2-xgboost-conformal
DR-2026-2180,CMP-HYD-01180,ATM-HYD-0356,ATM-HYD-0324,2026-01-07 02:28:00,DISPATCHED_MISSED,2026-01-07 03:13:00,OFFICER_ARRIVED_POST_CASHOUT,0.0,1,v2.2-xgboost-conformal
DR-2026-2181,CMP-HYD-01181,ATM-HYD-0022,ATM-HYD-0022,2026-02-23 05:26:00,INTERCEPTED,2026-02-23 06:13:00,SUSPECT_APPREHENDED_AND_FUNDS_FROZEN,44646.05,0,v2.2-xgboost-conformal
DR-2026-2182,CMP-HYD-01182,ATM-HYD-0276,ATM-HYD-0276,2026-05-19 07:36:00,INTERCEPTED,2026-05-19 07:56:00,SUSPECT_APPREHENDED_AND_FUNDS_FROZEN,13693.14,0,v2.2-xgboost-conformal
DR-2026-2183,CMP-HYD-01183,ATM-HYD-0461,ATM-HYD-0461,2026-02-02 14:44:00,INTERCEPTED,2026-02-02 15:18:00,SUSPECT_APPREHENDED_AND_FUNDS_FROZEN,48323.7,0,v2.2-xgboost-conformal
DR-2026-2184,CMP-HYD-01184,ATM-HYD-0166,ATM-HYD-0166,2026-01-16 04:53:00,INTERCEPTED,2026-01-16 05:34:00,SUSPECT_APPREHENDED_AND_FUNDS_FROZEN,110603.76,0,v2.2-xgboost-conformal
DR-2026-2185,CMP-HYD-01185,ATM-HYD-0043,ATM-HYD-0081,2026-01-06 14:46:00,DISPATCHED_MISSED,2026-01-06 15:12:00,DIFFERENT_ATM_USED,0.0,1,v2.2-xgboost-conformal
DR-2026-2186,CMP-HYD-01186,ATM-HYD-0204,ATM-HYD-0204,2026-06-02 01:10:00,INTERCEPTED,2026-06-02 01:50:00,CASH_WITHDRAWAL_PREVENTED,36493.49,0,v2.2-xgboost-conformal
DR-2026-2187,CMP-HYD-01187,ATM-HYD-0067,ATM-HYD-0395,2026-02-14 05:22:00,DISPATCHED_MISSED,2026-02-14 05:38:00,OFFICER_ARRIVED_POST_CASHOUT,0.0,1,v2.2-xgboost-conformal
DR-2026-2188,CMP-HYD-01188,ATM-HYD-0381,ATM-HYD-0381,2026-03-28 09:21:00,INTERCEPTED,2026-03-28 10:00:00,SUSPECT_APPREHENDED_AND_FUNDS_FROZEN,46965.32,0,v2.2-xgboost-conformal
DR-2026-2189,CMP-HYD-01189,ATM-HYD-0243,ATM-HYD-0162,2026-03-17 07:25:00,DISPATCHED_MISSED,2026-03-17 08:12:00,OFFICER_ARRIVED_POST_CASHOUT,0.0,1,v2.2-xgboost-conformal
DR-2026-2190,CMP-HYD-01190,ATM-HYD-0501,ATM-HYD-0096,2026-02-11 18:03:00,DISPATCHED_MISSED,2026-02-11 18:24:00,DIFFERENT_ATM_USED,0.0,1,v2.2-xgboost-conformal
DR-2026-2191,CMP-HYD-01191,ATM-HYD-0012,ATM-HYD-0012,2026-05-04 14:19:00,INTERCEPTED,2026-05-04 14:55:00,SUSPECT_APPREHENDED_AND_FUNDS_FROZEN,22894.44,0,v2.2-xgboost-conformal
DR-2026-2192,CMP-HYD-01192,ATM-HYD-0277,ATM-HYD-0277,2026-02-16 12:28:00,INTERCEPTED,2026-02-16 13:15:00,CASH_WITHDRAWAL_PREVENTED,38828.04,0,v2.2-xgboost-conformal
DR-2026-2193,CMP-HYD-01193,ATM-HYD-0311,ATM-HYD-0311,2026-04-09 03:57:00,INTERCEPTED,2026-04-09 04:41:00,CASH_WITHDRAWAL_PREVENTED,75012.88,0,v2.2-xgboost-conformal
DR-2026-2194,CMP-HYD-01194,ATM-HYD-0465,ATM-HYD-0388,2026-01-16 06:10:00,DISPATCHED_MISSED,2026-01-16 06:57:00,DIFFERENT_ATM_USED,0.0,1,v2.2-xgboost-conformal
DR-2026-2195,CMP-HYD-01195,ATM-HYD-0115,ATM-HYD-0115,2026-05-13 14:31:00,INTERCEPTED,2026-05-13 15:00:00,SUSPECT_APPREHENDED_AND_FUNDS_FROZEN,14379.76,0,v2.2-xgboost-conformal
DR-2026-2196,CMP-HYD-01196,ATM-HYD-0447,ATM-HYD-0447,2026-06-29 17:50:00,INTERCEPTED,2026-06-29 18:36:00,SUSPECT_APPREHENDED_AND_FUNDS_FROZEN,85452.38,0,v2.2-xgboost-conformal
DR-2026-2197,CMP-HYD-01197,ATM-HYD-0295,ATM-HYD-0295,2026-07-13 05:37:00,INTERCEPTED,2026-07-13 06:09:00,SUSPECT_APPREHENDED_AND_FUNDS_FROZEN,47026.59,0,v2.2-xgboost-conformal
DR-2026-2198,CMP-HYD-01198,ATM-HYD-0087,ATM-HYD-0033,2026-07-21 11:47:00,DISPATCHED_MISSED,2026-07-21 12:42:00,OFFICER_ARRIVED_POST_CASHOUT,0.0,1,v2.2-xgboost-conformal
DR-2026-2199,CMP-HYD-01199,ATM-HYD-0273,ATM-HYD-0273,2026-04-12 15:08:00,INTERCEPTED,2026-04-12 16:01:00,SUSPECT_APPREHENDED_AND_FUNDS_FROZEN,84858.95,0,v2.2-xgboost-conformal
DR-2026-2200,CMP-HYD-01200,ATM-HYD-0042,ATM-HYD-0042,2026-08-11 11:00:00,INTERCEPTED,2026-08-11 11:29:00,CASH_WITHDRAWAL_PREVENTED,39927.22,0,v2.2-xgboost-conformal
DR-2026-2201,CMP-HYD-01201,ATM-HYD-0388,ATM-HYD-0340,2026-06-15 00:05:00,DISPATCHED_MISSED,2026-06-15 00:34:00,DIFFERENT_ATM_USED,0.0,1,v2.2-xgboost-conformal
